Source,Target,Weight
甄士隐,贾雨村,7
甄士隐,封氏,1
甄士隐,贾琏,6
甄士隐,冯紫英,12
甄士隐,林如海,2
甄士隐,贾母,2
贾雨村,甄士隐,7
贾雨村,严老爷,1
贾雨村,黛玉,29
贾雨村,王夫人,12
贾雨村,薛蟠,1
贾雨村,薛姨妈,2
贾雨村,贾母,25
贾雨村,秦钟,3
贾雨村,宝玉,31
贾雨村,贾琏,6
贾雨村,王子腾,2
贾雨村,林如海,2
贾雨村,史湘云,9
贾雨村,宝钗,5
贾雨村,凤姐,4
贾雨村,邢夫人,2
贾雨村,紫鹃,1
贾雨村,冯紫英,6
贾雨村,贾政,1
贾雨村,妙玉,2
贾雨村,贾环,2
封氏,甄士隐,1
封氏,霍启,2
神瑛侍者,黛玉,11
神瑛侍者,宝玉,95
神瑛侍者,尤三姐,8
神瑛侍者,凤姐,12
神瑛侍者,贾蓉,4
神瑛侍者,秦可卿,8
神瑛侍者,贾迎春,4
严老爷,贾雨村,1
霍启,封氏,2
冷子兴,林如海,1
冷子兴,贾政,1
冷子兴,黛玉,9
冷子兴,贾母,3
冷子兴,宝玉,7
冷子兴,宝钗,1
冷子兴,周瑞,2
冷子兴,凤姐,5
冷子兴,王夫人,4
冷子兴,贾芸,6
冷子兴,倪二,1
林如海,黛玉,17
林如海,冷子兴,1
林如海,贾政,1
林如海,贾母,9
林如海,王夫人,7
林如海,贾迎春,2
林如海,贾探春,1
林如海,宝玉,5
林如海,贾琏,7
林如海,秦钟,3
林如海,贾雨村,2
林如海,王子腾,1
林如海,冯紫英,6
林如海,甄士隐,2
黛玉,林如海,17
黛玉,贾雨村,29
黛玉,贾母,2361
黛玉,冷子兴,9
黛玉,凤姐,635
黛玉,贾琏,94
黛玉,邢夫人,136
黛玉,王夫人,666
黛玉,贾源,2
黛玉,贾迎春,148
黛玉,贾探春,651
黛玉,宝玉,5946
黛玉,王嬷嬷,9
黛玉,雪雁,682
黛玉,李嬷嬷,29
黛玉,薛蟠,16
黛玉,王子腾,23
黛玉,薛姨妈,389
黛玉,宝钗,1700
黛玉,贾政,69
黛玉,贾珍,27
黛玉,贾惜春,148
黛玉,司棋,12
黛玉,周瑞,5
黛玉,秦钟,28
黛玉,尤氏,44
黛玉,紫鹃,2209
黛玉,李贵,2
黛玉,秦可卿,6
黛玉,贾代儒,2
黛玉,贾敕,1
黛玉,贾效,1
黛玉,贾敦,1
黛玉,贾琮,3
黛玉,贾珩,1
黛玉,贾琛,2
黛玉,贾琼,3
黛玉,贾蔷,2
黛玉,贾菱,2
黛玉,贾芸,24
黛玉,贾芹,2
黛玉,贾蓁,1
黛玉,贾萍,1
黛玉,贾藻,1
黛玉,贾蘅,1
黛玉,贾芬,1
黛玉,贾芳,1
黛玉,贾兰,16
黛玉,贾菌,2
黛玉,贾芝,1
黛玉,秋纹,62
黛玉,贾环,25
黛玉,史湘云,207
黛玉,李纨,48
黛玉,小红,7
黛玉,马道婆,30
黛玉,赵姨娘,23
黛玉,周姨娘,15
黛玉,丰儿,8
黛玉,文杏,2
黛玉,翠墨,27
黛玉,金钏,3
黛玉,巧姐儿,8
黛玉,云儿,3
黛玉,冯紫英,3
黛玉,张道士,29
黛玉,蒋玉菡,7
黛玉,吴新登,6
黛玉,妙玉,111
黛玉,程日兴,1
黛玉,金文翔,2
黛玉,王仁,5
黛玉,李纹,28
黛玉,薛宝琴,7
黛玉,梅翰林,2
黛玉,邢岫烟,34
黛玉,赖大,4
黛玉,贾蓉,10
黛玉,娄氏,1
黛玉,祝妈,1
黛玉,林之孝,107
黛玉,单大良,1
黛玉,宋嬷嬷,1
黛玉,艾官,1
黛玉,春燕,4
黛玉,隆儿,3
黛玉,尤二姐,14
黛玉,尤三姐,10
黛玉,翠云,1
黛玉,佩凤,1
黛玉,墨雨,58
黛玉,李婶娘,12
黛玉,甄宝玉,16
黛玉,神瑛侍者,11
黛玉,赖尚荣,1
贾代化,贾敷,1
贾代化,贾敬,1
贾代化,贾珍,1
贾代化,贾蓉,1
贾代化,贾政,2
贾代化,贾珠,1
贾代化,宝玉,1
贾敷,贾代化,1
贾敷,贾敬,1
贾敷,贾珍,1
贾敷,贾蓉,1
贾敷,贾政,2
贾敷,贾珠,1
贾敷,宝玉,1
贾敬,贾代化,1
贾敬,贾敷,1
贾敬,贾珍,19
贾敬,贾蓉,30
贾敬,贾政,3
贾敬,贾珠,1
贾敬,宝玉,6
贾敬,贾母,21
贾敬,邢夫人,5
贾敬,王夫人,9
贾敬,宝钗,1
贾敬,贾兰,1
贾敬,尤氏,4
贾敬,凤姐,5
贾敬,贾琏,5
贾敬,贾环,1
贾敬,贾芹,3
贾敬,尤二姐,3
贾敬,尤三姐,1
贾敬,尤老娘,2
贾珍,贾代化,1
贾珍,贾敷,1
贾珍,贾敬,19
贾珍,贾蓉,474
贾珍,贾政,86
贾珍,贾珠,1
贾珍,宝玉,222
贾珍,薛蟠,84
贾珍,贾琏,473
贾珍,王夫人,97
贾珍,贾母,449
贾珍,薛姨妈,28
贾珍,宝钗,27
贾珍,黛玉,27
贾珍,贾迎春,7
贾珍,凤姐,121
贾珍,尤氏,178
贾珍,赖二,1
贾珍,秦钟,28
贾珍,贾代儒,10
贾珍,贾瑞,10
贾珍,贾蔷,15
贾珍,金氏,17
贾珍,秦可卿,39
贾珍,冯紫英,7
贾珍,邢夫人,98
贾珍,贾敕,4
贾珍,贾效,4
贾珍,贾敦,4
贾珍,贾琮,14
贾珍,贾珩,4
贾珍,贾琛,8
贾珍,贾琼,16
贾珍,贾菱,5
贾珍,贾芸,13
贾珍,贾芹,42
贾珍,贾蓁,4
贾珍,贾萍,12
贾珍,贾藻,4
贾珍,贾蘅,4
贾珍,贾芬,4
贾珍,贾芳,4
贾珍,贾兰,17
贾珍,贾菌,4
贾珍,贾芝,5
贾珍,宝珠,14
贾珍,戴权,27
贾珍,水溶,9
贾珍,智善,2
贾珍,胡老爷,1
贾珍,赖大,10
贾珍,林之孝,23
贾珍,吴新登,3
贾珍,詹光,3
贾珍,程日兴,3
贾珍,山子野,3
贾珍,贾环,25
贾珍,贾元春,2
贾珍,贾探春,9
贾珍,李纨,1
贾珍,贾惜春,9
贾珍,紫鹃,1
贾珍,雪雁,1
贾珍,文杏,1
贾珍,司棋,1
贾珍,翠墨,1
贾珍,丰儿,1
贾珍,小红,1
贾珍,金钏,1
贾珍,巧姐儿,1
贾珍,张道士,14
贾珍,柳湘莲,4
贾珍,贾源,1
贾珍,乌进孝,50
贾珍,李纹,1
贾珍,史湘云,5
贾珍,贾璜,1
贾珍,赵姨娘,1
贾珍,尤二姐,121
贾珍,尤三姐,67
贾珍,秋纹,1
贾珍,尤老娘,73
贾珍,俞禄,57
贾珍,张华,31
贾珍,隆儿,15
贾珍,寿儿,5
贾珍,王信,1
贾珍,邢德全,24
贾珍,佩凤,22
贾珍,周瑞,105
贾珍,王子腾,1
贾蓉,贾代化,1
贾蓉,贾敷,1
贾蓉,贾敬,30
贾蓉,贾珍,474
贾蓉,贾政,39
贾蓉,贾珠,1
贾蓉,宝玉,116
贾蓉,凤姐,183
贾蓉,王夫人,45
贾蓉,贾母,358
贾蓉,尤氏,125
贾蓉,秦可卿,36
贾蓉,赖二,5
贾蓉,秦钟,19
贾蓉,贾代儒,3
贾蓉,薛蟠,52
贾蓉,贾瑞,19
贾蓉,贾蔷,9
贾蓉,冯紫英,6
贾蓉,邢夫人,43
贾蓉,戴权,6
贾蓉,宝珠,1
贾蓉,智善,2
贾蓉,胡老爷,1
贾蓉,贾迎春,4
贾蓉,薛姨妈,7
贾蓉,贾琏,539
贾蓉,赖大,4
贾蓉,林之孝,14
贾蓉,吴新登,1
贾蓉,詹光,1
贾蓉,程日兴,1
贾蓉,山子野,1
贾蓉,宝钗,10
贾蓉,贾兰,11
贾蓉,贾环,10
贾蓉,贾芸,8
贾蓉,贾萍,6
贾蓉,贾芹,19
贾蓉,贾琼,6
贾蓉,柳湘莲,1
贾蓉,贾源,3
贾蓉,乌进孝,27
贾蓉,黛玉,10
贾蓉,李纹,1
贾蓉,贾琮,5
贾蓉,贾菱,1
贾蓉,娄氏,1
贾蓉,史湘云,1
贾蓉,尤二姐,130
贾蓉,尤三姐,25
贾蓉,尤老娘,109
贾蓉,俞禄,115
贾蓉,张华,91
贾蓉,王信,10
贾蓉,王子腾,4
贾蓉,邢德全,9
贾蓉,贾探春,1
贾蓉,贾惜春,8
贾蓉,丰儿,1
贾蓉,小红,1
贾蓉,贾芝,1
贾蓉,佩凤,1
贾蓉,妙玉,1
贾蓉,神瑛侍者,4
贾政,贾代化,2
贾政,贾敷,2
贾政,贾敬,3
贾政,贾珍,86
贾政,贾蓉,39
贾政,贾珠,21
贾政,宝玉,1273
贾政,冷子兴,1
贾政,林如海,1
贾政,王子腾,18
贾政,冯渊,2
贾政,薛蟠,39
贾政,宝钗,125
贾政,贾琏,279
贾政,王夫人,495
贾政,贾母,1025
贾政,薛姨妈,77
贾政,黛玉,69
贾政,贾迎春,25
贾政,李贵,9
贾政,秦可卿,3
贾政,尤氏,42
贾政,贾代儒,2
贾政,贾敕,1
贾政,贾效,1
贾政,贾敦,1
贾政,贾琮,1
贾政,贾珩,1
贾政,贾琛,2
贾政,贾琼,2
贾政,贾蔷,10
贾政,贾菱,1
贾政,贾芸,35
贾政,贾芹,13
贾政,贾蓁,1
贾政,贾萍,1
贾政,贾藻,1
贾政,贾蘅,1
贾政,贾芬,1
贾政,贾芳,1
贾政,贾兰,36
贾政,贾菌,1
贾政,贾芝,8
贾政,秦钟,12
贾政,邢夫人,110
贾政,凤姐,138
贾政,水溶,6
贾政,夏守忠,6
贾政,赖大,19
贾政,林之孝,37
贾政,吴新登,2
贾政,詹光,15
贾政,程日兴,11
贾政,山子野,1
贾政,贾探春,54
贾政,贾环,61
贾政,李纨,10
贾政,周氏,1
贾政,贾元春,1
贾政,金钏,2
贾政,赵姨娘,30
贾政,贾惜春,30
贾政,丰儿,6
贾政,傅秋芳,8
贾政,李嬷嬷,1
贾政,翠墨,1
贾政,紫鹃,10
贾政,史湘云,2
贾政,佩凤,5
贾政,小霞,1
贾政,巧姐儿,15
贾政,蒋玉菡,13
贾政,墨雨,2
贾政,冯紫英,42
贾政,胡老爷,1
贾政,雪雁,7
贾政,邢岫烟,1
贾政,薛宝琴,1
贾政,李婶娘,5
贾政,贾雨村,1
贾政,戴良,1
贾政,周瑞,2
贾政,孙绍祖,1
贾政,尤二姐,4
贾政,张华,2
贾政,尤三姐,4
贾政,秋桐,1
贾政,妙玉,6
贾政,周姨娘,3
贾政,王仁,6
贾政,甄宝玉,39
贾政,秋纹,1
贾政,赖尚荣,6
贾珠,贾代化,1
贾珠,贾敷,1
贾珠,贾敬,1
贾珠,贾珍,1
贾珠,贾蓉,1
贾珠,贾政,21
贾珠,宝玉,36
贾珠,贾环,1
贾珠,王夫人,26
贾珠,贾母,46
贾珠,李纨,3
贾珠,贾迎春,3
宝玉,贾代化,1
宝玉,贾敷,1
宝玉,贾敬,6
宝玉,贾珍,222
宝玉,贾蓉,116
宝玉,贾政,1273
宝玉,贾珠,36
宝玉,王夫人,3478
宝玉,贾母,6754
宝玉,黛玉,5946
宝玉,贾探春,1197
宝玉,王嬷嬷,3
宝玉,雪雁,267
宝玉,贾迎春,304
宝玉,李嬷嬷,165
宝玉,贾惜春,339
宝玉,宝钗,3456
宝玉,邢夫人,303
宝玉,秦可卿,125
宝玉,司棋,121
宝玉,周瑞,27
宝玉,冷子兴,7
宝玉,凤姐,1824
宝玉,尤氏,223
宝玉,秦钟,349
宝玉,赖二,1
宝玉,詹光,19
宝玉,单聘仁,14
宝玉,吴新登,20
宝玉,戴良,8
宝玉,钱华,8
宝玉,薛姨妈,764
宝玉,紫鹃,1585
宝玉,贾代儒,11
宝玉,李贵,161
宝玉,薛蟠,323
宝玉,贾瑞,34
宝玉,贾蔷,26
宝玉,贾菌,26
宝玉,贾兰,245
宝玉,墨雨,41
宝玉,林如海,5
宝玉,贾琏,588
宝玉,贾敕,4
宝玉,贾效,4
宝玉,贾敦,4
宝玉,贾琮,16
宝玉,贾珩,5
宝玉,贾琛,8
宝玉,贾琼,10
宝玉,贾菱,6
宝玉,贾芸,211
宝玉,贾芹,9
宝玉,贾蓁,4
宝玉,贾萍,4
宝玉,贾藻,4
宝玉,贾蘅,4
宝玉,贾芬,4
宝玉,贾芳,4
宝玉,贾芝,5
宝玉,水溶,42
宝玉,宝珠,12
宝玉,智善,24
宝玉,胡老爷,12
宝玉,贾雨村,31
宝玉,王子腾,48
宝玉,贾环,294
宝玉,秋纹,319
宝玉,丰儿,17
宝玉,史湘云,446
宝玉,赵姨娘,167
宝玉,李纨,40
宝玉,贾元春,2
宝玉,夏守忠,6
宝玉,金钏,27
宝玉,绮霰,2
宝玉,倪二,3
宝玉,方椿,2
宝玉,檀云,4
宝玉,小红,7
宝玉,马道婆,64
宝玉,周姨娘,17
宝玉,程日兴,15
宝玉,冯唐,6
宝玉,冯紫英,74
宝玉,林之孝,258
宝玉,双瑞,6
宝玉,双寿,6
宝玉,蒋玉菡,103
宝玉,云儿,22
宝玉,文杏,1
宝玉,翠墨,46
宝玉,巧姐儿,131
宝玉,张道士,42
宝玉,宝官,21
宝玉,玉官,5
宝玉,王济仁,14
宝玉,赖大,18
宝玉,玉钏,18
宝玉,傅秋芳,32
宝玉,宋嬷嬷,19
宝玉,妙玉,468
宝玉,金文翔,2
宝玉,柳湘莲,31
宝玉,赖尚荣,20
宝玉,王仁,31
宝玉,李纹,146
宝玉,薛宝琴,12
宝玉,梅翰林,20
宝玉,邢岫烟,71
宝玉,王荣,10
宝玉,张若锦,10
宝玉,赵亦华,10
宝玉,钱启,15
宝玉,娄氏,1
宝玉,单大良,6
宝玉,祝妈,3
宝玉,艾官,3
宝玉,春燕,25
宝玉,夏婆子,4
宝玉,柳五儿,5
宝玉,佩凤,12
宝玉,尤老娘,1
宝玉,尤三姐,70
宝玉,尤二姐,24
宝玉,隆儿,1
宝玉,王信,1
宝玉,小霞,2
宝玉,小鹊,9
宝玉,邢德全,3
宝玉,孙绍祖,12
宝玉,王一贴,272
宝玉,李婶娘,53
宝玉,甄宝玉,244
宝玉,神瑛侍者,95
宝玉,秋桐,8
贾迎春,贾探春,181
贾迎春,贾惜春,45
贾迎春,贾敏,1
贾迎春,黛玉,148
贾迎春,贾母,540
贾迎春,王夫人,223
贾迎春,林如海,2
贾迎春,王嬷嬷,3
贾迎春,雪雁,4
贾迎春,宝玉,304
贾迎春,李嬷嬷,1
贾迎春,薛蟠,7
贾迎春,薛姨妈,67
贾迎春,宝钗,204
贾迎春,贾政,25
贾迎春,贾珍,7
贾迎春,邢夫人,206
贾迎春,司棋,146
贾迎春,凤姐,160
贾迎春,王仁,1
贾迎春,尤氏,27
贾迎春,贾蓉,4
贾迎春,贾环,18
贾迎春,史湘云,29
贾迎春,赵姨娘,14
贾迎春,丰儿,4
贾迎春,金钏,5
贾迎春,李纨,6
贾迎春,紫鹃,6
贾迎春,文杏,2
贾迎春,翠墨,2
贾迎春,小红,2
贾迎春,巧姐儿,2
贾迎春,贾珠,3
贾迎春,周姨娘,2
贾迎春,邢岫烟,8
贾迎春,李纹,3
贾迎春,贾琏,9
贾迎春,贾琮,1
贾迎春,贾芹,1
贾迎春,贾芸,1
贾迎春,贾菱,1
贾迎春,尤二姐,4
贾迎春,秋桐,5
贾迎春,贾琼,2
贾迎春,赖大,2
贾迎春,林之孝,15
贾迎春,张妈,4
贾迎春,潘又安,4
贾迎春,贾兰,1
贾迎春,孙绍祖,23
贾迎春,薛宝琴,1
贾迎春,李婶娘,21
贾迎春,妙玉,2
贾迎春,神瑛侍者,4
贾迎春,尤三姐,2
贾迎春,秦可卿,2
贾探春,贾迎春,181
贾探春,贾惜春,154
贾探春,贾敏,1
贾探春,黛玉,651
贾探春,贾母,776
贾探春,王夫人,303
贾探春,林如海,1
贾探春,宝玉,1197
贾探春,薛蟠,3
贾探春,王子腾,7
贾探春,宝钗,429
贾探春,邢夫人,63
贾探春,司棋,40
贾探春,贾政,54
贾探春,贾兰,6
贾探春,贾环,20
贾探春,薛姨妈,82
贾探春,史湘云,31
贾探春,贾元春,1
贾探春,贾珍,9
贾探春,金钏,6
贾探春,赵姨娘,106
贾探春,凤姐,450
贾探春,李纨,5
贾探春,紫鹃,154
贾探春,雪雁,31
贾探春,文杏,2
贾探春,翠墨,31
贾探春,丰儿,32
贾探春,小红,5
贾探春,巧姐儿,12
贾探春,云儿,1
贾探春,周姨娘,3
贾探春,秋纹,4
贾探春,尤氏,254
贾探春,李纹,100
贾探春,邢岫烟,32
贾探春,吴新登,52
贾探春,赵国基,14
贾探春,叶妈,18
贾探春,林之孝,94
贾探春,艾官,10
贾探春,夏婆子,9
贾探春,柳五儿,2
贾探春,玉钏,1
贾探春,佩凤,4
贾探春,柳湘莲,1
贾探春,尤二姐,1
贾探春,贾琏,26
贾探春,贾琼,2
贾探春,赖大,2
贾探春,张妈,2
贾探春,潘又安,2
贾探春,贾蓉,1
贾探春,蒋玉菡,2
贾探春,薛宝琴,3
贾探春,李婶娘,3
贾探春,妙玉,3
贾探春,王仁,2
贾探春,赖尚荣,3
贾惜春,贾迎春,45
贾惜春,贾探春,154
贾惜春,贾敏,1
贾惜春,黛玉,148
贾惜春,贾母,312
贾惜春,宝玉,339
贾惜春,宝钗,113
贾惜春,邢夫人,24
贾惜春,王夫人,137
贾惜春,薛姨妈,54
贾惜春,贾环,18
贾惜春,史湘云,13
贾惜春,贾政,30
贾惜春,金钏,6
贾惜春,赵姨娘,4
贾惜春,李纨,6
贾惜春,凤姐,168
贾惜春,紫鹃,36
贾惜春,雪雁,8
贾惜春,文杏,2
贾惜春,司棋,28
贾惜春,翠墨,7
贾惜春,丰儿,2
贾惜春,小红,2
贾惜春,巧姐儿,3
贾惜春,贾珍,9
贾惜春,周姨娘,2
贾惜春,程日兴,1
贾惜春,李纹,2
贾惜春,邢岫烟,7
贾惜春,尤氏,158
贾惜春,尤二姐,4
贾惜春,贾琏,14
贾惜春,秋桐,5
贾惜春,贾琼,1
贾惜春,赖大,1
贾惜春,张妈,10
贾惜春,潘又安,10
贾惜春,贾蓉,8
贾惜春,贾兰,16
贾惜春,薛蟠,3
贾惜春,蒋玉菡,3
贾惜春,妙玉,233
贾惜春,薛宝琴,2
贾惜春,李婶娘,2
贾惜春,佩凤,1
贾惜春,王子腾,1
贾惜春,林之孝,10
贾惜春,周瑞,5
贾惜春,贾芸,9
贾惜春,贾蔷,1
贾惜春,秋纹,2
贾惜春,李贵,4
贾敏,贾迎春,1
贾敏,贾探春,1
贾敏,贾惜春,1
贾琏,黛玉,94
贾琏,凤姐,1285
贾琏,贾母,1317
贾琏,薛蟠,37
贾琏,贾政,279
贾琏,贾珍,473
贾琏,王夫人,532
贾琏,薛姨妈,122
贾琏,秦钟,7
贾琏,丰儿,42
贾琏,贾蔷,4
贾琏,林如海,7
贾琏,宝玉,588
贾琏,云光,1
贾琏,贾雨村,6
贾琏,王子腾,25
贾琏,赵嬷嬷,26
贾琏,单聘仁,1
贾琏,卜固修,1
贾琏,贾蓉,539
贾琏,山子野,3
贾琏,赖大,102
贾琏,林之孝,234
贾琏,吴新登,6
贾琏,詹光,2
贾琏,程日兴,2
贾琏,邢夫人,147
贾琏,贾敬,5
贾琏,宝钗,135
贾琏,贾兰,16
贾琏,尤氏,112
贾琏,贾环,21
贾琏,贾芹,92
贾琏,周氏,5
贾琏,贾芸,73
贾琏,赵姨娘,13
贾琏,金文翔,12
贾琏,柳湘莲,15
贾琏,李纹,1
贾琏,贾迎春,9
贾琏,贾琮,4
贾琏,贾菱,1
贾琏,史湘云,2
贾琏,贾璜,2
贾琏,尤老娘,225
贾琏,俞禄,226
贾琏,尤二姐,427
贾琏,张华,22
贾琏,隆儿,39
贾琏,寿儿,12
贾琏,尤三姐,180
贾琏,王信,4
贾琏,秋桐,157
贾琏,贾惜春,14
贾琏,胡君荣,60
贾琏,贾探春,26
贾琏,司棋,7
贾琏,朱大娘,30
贾琏,佩凤,5
贾琏,紫鹃,36
贾琏,雪雁,5
贾琏,周瑞,65
贾琏,冯紫英,18
贾琏,甄士隐,6
贾琏,小红,17
贾琏,秦可卿,3
贾琏,王仁,55
贾琏,贾芝,3
贾琏,戴良,4
贾琏,巧姐儿,42
贾琏,玉钏,4
贾琏,甄宝玉,1
贾琏,赖尚荣,5
贾琏,妙玉,7
贾母,黛玉,2361
贾母,冷子兴,3
贾母,凤姐,3174
贾母,贾琏,1317
贾母,邢夫人,1206
贾母,王夫人,2900
贾母,贾源,1
贾母,宝玉,6754
贾母,贾迎春,540
贾母,贾探春,776
贾母,林如海,9
贾母,王嬷嬷,3
贾母,雪雁,185
贾母,李嬷嬷,37
贾母,薛蟠,55
贾母,王子腾,49
贾母,贾雨村,25
贾母,薛姨妈,1477
贾母,贾政,1025
贾母,贾珍,449
贾母,宝钗,2059
贾母,贾惜春,312
贾母,秦可卿,52
贾母,司棋,42
贾母,周瑞,22
贾母,尤氏,892
贾母,贾蓉,358
贾母,秦钟,68
贾母,詹光,6
贾母,单聘仁,3
贾母,吴新登,14
贾母,戴良,2
贾母,钱华,2
贾母,李贵,17
贾母,冯紫英,26
贾母,贾瑞,14
贾母,贾蔷,9
贾母,贾代儒,6
贾母,贾敕,3
贾母,贾效,3
贾母,贾敦,3
贾母,贾琮,8
贾母,贾珩,3
贾母,贾琛,6
贾母,贾琼,29
贾母,贾菱,12
贾母,贾芸,73
贾母,贾芹,19
贾母,贾蓁,3
贾母,贾萍,4
贾母,贾藻,3
贾母,贾蘅,3
贾母,贾芬,3
贾母,贾芳,3
贾母,贾兰,103
贾母,贾菌,22
贾母,贾芝,4
贾母,宝珠,1
贾母,智善,2
贾母,胡老爷,2
贾母,贾敬,21
贾母,贾环,104
贾母,秋纹,102
贾母,丰儿,59
贾母,史湘云,292
贾母,李纨,48
贾母,夏守忠,3
贾母,檀云,2
贾母,赵姨娘,142
贾母,马道婆,69
贾母,程日兴,8
贾母,紫鹃,718
贾母,文杏,12
贾母,翠墨,26
贾母,小红,20
贾母,金钏,14
贾母,巧姐儿,134
贾母,林之孝,234
贾母,张道士,79
贾母,云儿,10
贾母,贾珠,46
贾母,蒋玉菡,8
贾母,周姨娘,32
贾母,玉钏,13
贾母,妙玉,134
贾母,赖大,61
贾母,金文翔,14
贾母,柳湘莲,6
贾母,邢岫烟,52
贾母,李纹,74
贾母,梅翰林,10
贾母,宋嬷嬷,7
贾母,乌进孝,8
贾母,娄氏,19
贾母,贾璜,1
贾母,单大良,7
贾母,赵国基,1
贾母,邢忠,8
贾母,艾官,1
贾母,尤二姐,195
贾母,尤三姐,13
贾母,尤老娘,51
贾母,俞禄,54
贾母,隆儿,8
贾母,张华,269
贾母,王信,18
贾母,秋桐,28
贾母,柳五儿,1
贾母,佩凤,34
贾母,朱大娘,24
贾母,翠云,4
贾母,孙绍祖,14
贾母,墨雨,14
贾母,甄士隐,2
贾母,薛宝琴,13
贾母,李婶娘,180
贾母,王仁,16
贾母,甄宝玉,2
贾母,赖尚荣,4
凤姐,黛玉,635
凤姐,贾琏,1285
凤姐,贾母,3174
凤姐,王夫人,1225
凤姐,刘氏,6
凤姐,贾蓉,183
凤姐,丰儿,140
凤姐,宝玉,1824
凤姐,宝钗,435
凤姐,周瑞,20
凤姐,冷子兴,5
凤姐,尤氏,260
凤姐,秦可卿,68
凤姐,秦钟,107
凤姐,贾珍,121
凤姐,赖二,3
凤姐,贾瑞,66
凤姐,贾蔷,1
凤姐,邢夫人,332
凤姐,贾政,138
凤姐,王仁,62
凤姐,贾迎春,160
凤姐,宝珠,14
凤姐,智善,20
凤姐,胡老爷,10
凤姐,金哥,4
凤姐,李公子,2
凤姐,云光,1
凤姐,薛姨妈,301
凤姐,赵嬷嬷,35
凤姐,贾敬,5
凤姐,贾兰,13
凤姐,贾环,74
凤姐,李嬷嬷,10
凤姐,赵姨娘,128
凤姐,史湘云,75
凤姐,李纨,28
凤姐,贾芹,11
凤姐,周氏,2
凤姐,贾芸,159
凤姐,绮霰,1
凤姐,倪二,2
凤姐,方椿,1
凤姐,秋纹,12
凤姐,小红,32
凤姐,紫鹃,88
凤姐,雪雁,28
凤姐,周姨娘,38
凤姐,王子腾,31
凤姐,薛蟠,4
凤姐,贾惜春,168
凤姐,贾探春,450
凤姐,司棋,141
凤姐,林之孝,92
凤姐,文杏,1
凤姐,翠墨,3
凤姐,金钏,4
凤姐,巧姐儿,121
凤姐,张道士,6
凤姐,冯紫英,1
凤姐,蒋玉菡,2
凤姐,吴新登,10
凤姐,玉钏,14
凤姐,赖大,27
凤姐,金文翔,2
凤姐,李纹,12
凤姐,薛宝琴,2
凤姐,梅翰林,1
凤姐,贾雨村,4
凤姐,贾琮,1
凤姐,贾菱,4
凤姐,贾菌,6
凤姐,娄氏,3
凤姐,云儿,1
凤姐,赵国基,1
凤姐,尤老娘,4
凤姐,俞禄,29
凤姐,尤二姐,199
凤姐,尤三姐,18
凤姐,柳湘莲,25
凤姐,张华,254
凤姐,王信,16
凤姐,秋桐,112
凤姐,胡君荣,12
凤姐,柳五儿,2
凤姐,贾琼,9
凤姐,朱大娘,18
凤姐,小霞,1
凤姐,翠云,8
凤姐,佩凤,9
凤姐,张妈,28
凤姐,潘又安,28
凤姐,李贵,1
凤姐,詹光,1
凤姐,邢岫烟,20
凤姐,李婶娘,16
凤姐,戴良,1
凤姐,妙玉,15
凤姐,程日兴,5
凤姐,神瑛侍者,12
王夫人,黛玉,666
王夫人,邢夫人,497
王夫人,贾母,2900
王夫人,宝玉,3478
王夫人,贾迎春,223
王夫人,贾探春,303
王夫人,林如海,7
王夫人,薛蟠,61
王夫人,王子腾,57
王夫人,贾雨村,12
王夫人,薛姨妈,523
王夫人,贾政,495
王夫人,贾琏,532
王夫人,贾珍,97
王夫人,宝钗,992
王夫人,贾惜春,137
王夫人,凤姐,1225
王夫人,刘氏,9
王夫人,司棋,85
王夫人,周瑞,4
王夫人,冷子兴,4
王夫人,尤氏,324
王夫人,秦可卿,9
王夫人,贾蓉,45
王夫人,秦钟,23
王夫人,贾代儒,1
王夫人,贾瑞,8
王夫人,贾蔷,15
王夫人,冯紫英,2
王夫人,王仁,21
王夫人,宝珠,2
王夫人,智善,4
王夫人,胡老爷,2
王夫人,赵嬷嬷,2
王夫人,林之孝,26
王夫人,妙玉,54
王夫人,贾敬,9
王夫人,贾兰,120
王夫人,贾环,147
王夫人,赵姨娘,164
王夫人,丰儿,24
王夫人,史湘云,61
王夫人,李纨,33
王夫人,贾芹,7
王夫人,夏守忠,1
王夫人,金钏,17
王夫人,贾珠,26
王夫人,贾芸,33
王夫人,秋纹,17
王夫人,檀云,7
王夫人,马道婆,8
王夫人,周姨娘,43
王夫人,紫鹃,118
王夫人,雪雁,12
王夫人,文杏,3
王夫人,翠墨,4
王夫人,小红,3
王夫人,巧姐儿,102
王夫人,玉钏,3
王夫人,李嬷嬷,1
王夫人,赖大,21
王夫人,柳湘莲,5
王夫人,邢岫烟,5
王夫人,李纹,2
王夫人,贾琮,1
王夫人,贾菱,1
王夫人,云儿,1
王夫人,娄氏,3
王夫人,贾菌,3
王夫人,单大良,1
王夫人,吴新登,8
王夫人,赵国基,1
王夫人,祝妈,1
王夫人,艾官,4
王夫人,张道士,1
王夫人,李贵,22
王夫人,尤老娘,1
王夫人,尤二姐,9
王夫人,张华,16
王夫人,王信,2
王夫人,秋桐,27
王夫人,尤三姐,1
王夫人,佩凤,10
王夫人,贾琼,3
王夫人,小霞,1
王夫人,翠云,7
王夫人,张妈,2
王夫人,潘又安,2
王夫人,梅翰林,3
王夫人,孙绍祖,23
王夫人,詹光,5
王夫人,蒋玉菡,6
王夫人,柳五儿,1
王夫人,薛宝琴,1
王夫人,李婶娘,31
王夫人,甄宝玉,49
王夫人,赖尚荣,9
邢夫人,黛玉,136
邢夫人,王夫人,497
邢夫人,贾母,1206
邢夫人,宝玉,303
邢夫人,贾迎春,206
邢夫人,贾探春,63
邢夫人,贾惜春,24
邢夫人,宝钗,116
邢夫人,贾珍,98
邢夫人,尤氏,167
邢夫人,冯紫英,2
邢夫人,贾蓉,43
邢夫人,秦可卿,1
邢夫人,凤姐,332
邢夫人,贾政,110
邢夫人,秦钟,2
邢夫人,薛姨妈,91
邢夫人,贾敬,5
邢夫人,贾兰,50
邢夫人,贾琏,147
邢夫人,贾环,63
邢夫人,贾琮,13
邢夫人,贾芸,39
邢夫人,贾芹,4
邢夫人,王子腾,7
邢夫人,李纨,1
邢夫人,周姨娘,4
邢夫人,紫鹃,9
邢夫人,秋纹,1
邢夫人,赖大,11
邢夫人,玉钏,1
邢夫人,翠墨,1
邢夫人,金钏,1
邢夫人,金文翔,6
邢夫人,丰儿,7
邢夫人,王仁,27
邢夫人,李纹,4
邢夫人,薛蟠,31
邢夫人,薛宝琴,4
邢夫人,梅翰林,2
邢夫人,邢岫烟,26
邢夫人,贾菱,1
邢夫人,史湘云,13
邢夫人,娄氏,1
邢夫人,贾菌,1
邢夫人,林之孝,15
邢夫人,单大良,1
邢夫人,吴新登,1
邢夫人,邢忠,6
邢夫人,尤老娘,1
邢夫人,尤二姐,19
邢夫人,张华,16
邢夫人,王信,1
邢夫人,秋桐,24
邢夫人,胡君荣,18
邢夫人,佩凤,6
邢夫人,贾琼,7
邢夫人,赵姨娘,27
邢夫人,司棋,35
邢夫人,邢德全,12
邢夫人,孙绍祖,11
邢夫人,贾雨村,2
邢夫人,李贵,5
邢夫人,巧姐儿,43
邢夫人,詹光,2
邢夫人,雪雁,2
邢夫人,李婶娘,14
邢夫人,马道婆,3
邢夫人,贾蔷,1
贾源,黛玉,2
贾源,贾母,1
贾源,贾蓉,3
贾源,贾珍,1
王嬷嬷,黛玉,9
王嬷嬷,雪雁,6
王嬷嬷,贾母,3
王嬷嬷,贾迎春,3
王嬷嬷,宝玉,3
王嬷嬷,李嬷嬷,3
雪雁,黛玉,682
雪雁,王嬷嬷,6
雪雁,贾母,185
雪雁,贾迎春,4
雪雁,宝玉,267
雪雁,李嬷嬷,4
雪雁,紫鹃,731
雪雁,薛姨妈,12
雪雁,史湘云,4
雪雁,李纨,10
雪雁,凤姐,28
雪雁,宝钗,44
雪雁,王夫人,12
雪雁,贾探春,31
雪雁,贾惜春,8
雪雁,文杏,1
雪雁,司棋,1
雪雁,翠墨,8
雪雁,丰儿,1
雪雁,小红,5
雪雁,金钏,1
雪雁,巧姐儿,1
雪雁,贾珍,1
雪雁,祝妈,4
雪雁,赵姨娘,1
雪雁,贾琏,5
雪雁,贾芸,3
雪雁,秋纹,3
雪雁,李纹,1
雪雁,邢岫烟,2
雪雁,薛宝琴,2
雪雁,李婶娘,2
雪雁,邢夫人,2
雪雁,贾政,7
雪雁,贾环,2
雪雁,贾兰,2
雪雁,墨雨,32
雪雁,林之孝,56
雪雁,尤氏,2
李嬷嬷,黛玉,29
李嬷嬷,王嬷嬷,3
李嬷嬷,雪雁,4
李嬷嬷,贾母,37
李嬷嬷,贾迎春,1
李嬷嬷,宝玉,165
李嬷嬷,薛姨妈,23
李嬷嬷,宝钗,10
李嬷嬷,凤姐,10
李嬷嬷,丰儿,5
李嬷嬷,王夫人,1
李嬷嬷,贾政,1
薛蟠,贾母,55
薛蟠,王夫人,61
薛蟠,黛玉,16
薛蟠,贾探春,3
薛蟠,王子腾,9
薛蟠,冯渊,14
薛蟠,贾政,39
薛蟠,宝钗,270
薛蟠,贾雨村,1
薛蟠,薛姨妈,430
薛蟠,贾琏,37
薛蟠,贾珍,84
薛蟠,贾迎春,7
薛蟠,秦钟,29
薛蟠,宝玉,323
薛蟠,贾代儒,7
薛蟠,贾瑞,35
薛蟠,贾蔷,21
薛蟠,贾蓉,52
薛蟠,秦可卿,3
薛蟠,宝珠,3
薛蟠,尤氏,9
薛蟠,凤姐,4
薛蟠,丰儿,1
薛蟠,程日兴,12
薛蟠,詹光,6
薛蟠,单聘仁,6
薛蟠,冯唐,5
薛蟠,冯紫英,62
薛蟠,双瑞,1
薛蟠,双寿,1
薛蟠,蒋玉菡,30
薛蟠,云儿,30
薛蟠,贾环,6
薛蟠,赖大,1
薛蟠,柳湘莲,44
薛蟠,赖尚荣,10
薛蟠,文杏,1
薛蟠,邢夫人,31
薛蟠,王仁,1
薛蟠,李纹,1
薛蟠,薛宝琴,1
薛蟠,梅翰林,1
薛蟠,邢岫烟,3
薛蟠,邢忠,1
薛蟠,尤三姐,11
薛蟠,尤二姐,1
薛蟠,贾琮,4
薛蟠,贾兰,7
薛蟠,邢德全,12
薛蟠,夏金桂,10
薛蟠,小舍儿,36
薛蟠,贾惜春,3
王子腾,贾母,49
王子腾,王夫人,57
王子腾,黛玉,23
王子腾,贾探春,7
王子腾,薛蟠,9
王子腾,贾政,18
王子腾,冯渊,2
王子腾,宝钗,14
王子腾,秦钟,3
王子腾,宝玉,48
王子腾,贾琏,25
王子腾,贾雨村,2
王子腾,林如海,1
王子腾,薛姨妈,18
王子腾,贾环,5
王子腾,凤姐,31
王子腾,丰儿,1
王子腾,邢夫人,7
王子腾,贾芸,2
王子腾,林之孝,6
王子腾,单大良,1
王子腾,吴新登,1
王子腾,张道士,1
王子腾,尤氏,2
王子腾,张华,2
王子腾,贾蓉,4
王子腾,王信,2
王子腾,李纹,1
王子腾,王仁,6
王子腾,紫鹃,2
王子腾,佩凤,1
王子腾,贾惜春,1
王子腾,贾珍,1
王子腾,巧姐儿,2
贾兰,李守中,2
贾兰,贾菌,16
贾兰,宝玉,245
贾兰,秦钟,3
贾兰,墨雨,2
贾兰,贾瑞,2
贾兰,黛玉,16
贾兰,秦可卿,1
贾兰,贾母,103
贾兰,尤氏,13
贾兰,贾珍,17
贾兰,贾代儒,2
贾兰,贾敕,1
贾兰,贾效,1
贾兰,贾敦,1
贾兰,贾政,36
贾兰,贾琮,6
贾兰,贾珩,1
贾兰,贾琛,2
贾兰,贾琼,2
贾兰,贾蔷,4
贾兰,贾菱,1
贾兰,贾芸,2
贾兰,贾芹,1
贾兰,贾蓁,1
贾兰,贾萍,1
贾兰,贾藻,1
贾兰,贾蘅,1
贾兰,贾芬,1
贾兰,贾芳,1
贾兰,贾芝,2
贾兰,贾探春,6
贾兰,贾环,43
贾兰,邢夫人,50
贾兰,王夫人,120
贾兰,贾敬,1
贾兰,宝钗,57
贾兰,凤姐,13
贾兰,贾琏,16
贾兰,贾蓉,11
贾兰,李纨,1
贾兰,娄氏,1
贾兰,邢德全,3
贾兰,薛蟠,7
贾兰,贾迎春,1
贾兰,贾惜春,16
贾兰,薛姨妈,22
贾兰,紫鹃,3
贾兰,雪雁,2
贾兰,邢岫烟,1
贾兰,史湘云,7
贾兰,薛宝琴,1
贾兰,李婶娘,11
贾兰,甄宝玉,33
贾兰,赵姨娘,1
贾兰,巧姐儿,2
贾兰,王仁,1
贾兰,李贵,12
李守中,贾兰,2
冯渊,薛蟠,14
冯渊,王子腾,2
冯渊,贾政,2
冯渊,宝钗,2
宝钗,冯渊,2
宝钗,薛蟠,270
宝钗,王子腾,14
宝钗,贾政,125
宝钗,王夫人,992
宝钗,薛姨妈,929
宝钗,贾母,2059
宝钗,黛玉,1700
宝钗,贾迎春,204
宝钗,贾珍,27
宝钗,宝玉,3456
宝钗,贾探春,429
宝钗,贾惜春,113
宝钗,邢夫人,116
宝钗,周瑞,1
宝钗,冷子兴,1
宝钗,凤姐,435
宝钗,秦可卿,1
宝钗,詹光,1
宝钗,单聘仁,1
宝钗,吴新登,1
宝钗,戴良,1
宝钗,钱华,1
宝钗,李嬷嬷,10
宝钗,李贵,9
宝钗,秦钟,16
宝钗,贾敬,1
宝钗,贾兰,57
宝钗,尤氏,96
宝钗,贾琏,135
宝钗,贾环,85
宝钗,贾蓉,10
宝钗,史湘云,152
宝钗,赵姨娘,23
宝钗,丰儿,5
宝钗,李纨,18
宝钗,贾元春,1
宝钗,夏守忠,1
宝钗,贾芸,3
宝钗,秋纹,31
宝钗,檀云,1
宝钗,紫鹃,140
宝钗,雪雁,44
宝钗,周姨娘,6
宝钗,司棋,15
宝钗,蒋玉菡,8
宝钗,文杏,6
宝钗,翠墨,11
宝钗,小红,3
宝钗,金钏,5
宝钗,巧姐儿,49
宝钗,云儿,3
宝钗,玉钏,1
宝钗,妙玉,106
宝钗,程日兴,6
宝钗,贾雨村,5
宝钗,李纹,18
宝钗,邢岫烟,26
宝钗,李婶娘,58
宝钗,贾琮,1
宝钗,贾芹,1
宝钗,贾菱,1
宝钗,娄氏,1
宝钗,贾菌,1
宝钗,叶妈,6
宝钗,林之孝,29
宝钗,艾官,1
宝钗,春燕,1
宝钗,隆儿,1
宝钗,尤二姐,6
宝钗,尤三姐,3
宝钗,柳湘莲,6
宝钗,贾琼,1
宝钗,赖大,1
宝钗,夏金桂,6
宝钗,薛宝琴,5
宝钗,王仁,10
宝钗,甄宝玉,20
宝钗,秋桐,7
宝钗,贾蔷,3
薛姨妈,王夫人,523
薛姨妈,薛蟠,430
薛姨妈,贾雨村,2
薛姨妈,贾母,1477
薛姨妈,贾政,77
薛姨妈,贾琏,122
薛姨妈,贾珍,28
薛姨妈,宝钗,929
薛姨妈,黛玉,389
薛姨妈,贾迎春,67
薛姨妈,宝玉,764
薛姨妈,李嬷嬷,23
薛姨妈,雪雁,12
薛姨妈,紫鹃,49
薛姨妈,邢夫人,91
薛姨妈,尤氏,59
薛姨妈,凤姐,301
薛姨妈,贾蓉,7
薛姨妈,贾蔷,1
薛姨妈,林之孝,9
薛姨妈,妙玉,2
薛姨妈,贾环,22
薛姨妈,贾探春,82
薛姨妈,贾惜春,54
薛姨妈,史湘云,54
薛姨妈,王子腾,18
薛姨妈,丰儿,8
薛姨妈,贾芸,5
薛姨妈,李纨,12
薛姨妈,文杏,6
薛姨妈,司棋,5
薛姨妈,翠墨,3
薛姨妈,小红,3
薛姨妈,金钏,4
薛姨妈,巧姐儿,19
薛姨妈,蒋玉菡,27
薛姨妈,吴新登,2
薛姨妈,周姨娘,16
薛姨妈,赵姨娘,23
薛姨妈,赖大,4
薛姨妈,柳湘莲,31
薛姨妈,梅翰林,2
薛姨妈,李纹,15
薛姨妈,贾琮,2
薛姨妈,贾芹,4
薛姨妈,贾菱,4
薛姨妈,贾菌,4
薛姨妈,娄氏,3
薛姨妈,单大良,1
薛姨妈,邢岫烟,13
薛姨妈,邢忠,5
薛姨妈,春燕,1
薛姨妈,李贵,4
薛姨妈,尤三姐,8
薛姨妈,贾琼,1
薛姨妈,夏金桂,4
薛姨妈,孙绍祖,3
薛姨妈,詹光,2
薛姨妈,贾兰,22
薛姨妈,薛宝琴,1
薛姨妈,李婶娘,22
薛姨妈,佩凤,1
薛姨妈,甄宝玉,2
秦可卿,宝玉,125
秦可卿,贾母,52
秦可卿,凤姐,68
秦可卿,王夫人,9
秦可卿,尤氏,41
秦可卿,贾蓉,36
秦可卿,秦钟,16
秦可卿,宝钗,1
秦可卿,詹光,1
秦可卿,单聘仁,1
秦可卿,吴新登,1
秦可卿,戴良,1
秦可卿,钱华,1
秦可卿,金氏,12
秦可卿,贾珍,39
秦可卿,冯紫英,7
秦可卿,邢夫人,1
秦可卿,贾瑞,1
秦可卿,黛玉,6
秦可卿,贾代儒,2
秦可卿,贾敕,1
秦可卿,贾效,1
秦可卿,贾敦,1
秦可卿,贾政,3
秦可卿,贾琮,1
秦可卿,贾珩,1
秦可卿,贾琛,2
秦可卿,贾琼,2
秦可卿,贾蔷,2
秦可卿,贾菱,1
秦可卿,贾芸,1
秦可卿,贾芹,1
秦可卿,贾蓁,1
秦可卿,贾萍,1
秦可卿,贾藻,1
秦可卿,贾蘅,1
秦可卿,贾芬,1
秦可卿,贾芳,1
秦可卿,贾兰,1
秦可卿,贾菌,1
秦可卿,贾芝,1
秦可卿,薛蟠,3
秦可卿,宝珠,10
秦可卿,智善,2
秦可卿,胡老爷,2
秦可卿,丰儿,1
秦可卿,小红,1
秦可卿,贾琏,3
秦可卿,神瑛侍者,8
秦可卿,尤三姐,4
秦可卿,贾迎春,2
刘氏,凤姐,6
刘氏,王夫人,9
周瑞,黛玉,5
周瑞,宝玉,27
周瑞,宝钗,1
周瑞,冷子兴,2
周瑞,凤姐,20
周瑞,王夫人,4
周瑞,贾母,22
周瑞,李贵,12
周瑞,王荣,8
周瑞,张若锦,8
周瑞,赵亦华,8
周瑞,钱启,12
周瑞,尤二姐,6
周瑞,贾珍,105
周瑞,贾琏,65
周瑞,贾芸,17
周瑞,倪二,1
周瑞,贾政,2
周瑞,赖大,2
周瑞,吴新登,1
周瑞,戴良,1
周瑞,林之孝,43
周瑞,贾惜春,5
周瑞,尤氏,1
秦钟,贾琏,7
秦钟,宝玉,349
秦钟,凤姐,107
秦钟,秦可卿,16
秦钟,尤氏,18
秦钟,贾母,68
秦钟,王夫人,23
秦钟,黛玉,28
秦钟,贾蓉,19
秦钟,贾代儒,8
秦钟,李贵,26
秦钟,宝钗,16
秦钟,薛蟠,29
秦钟,贾瑞,31
秦钟,贾蔷,11
秦钟,贾珍,28
秦钟,贾菌,8
秦钟,贾兰,3
秦钟,墨雨,1
秦钟,金氏,4
秦钟,贾敕,1
秦钟,贾效,1
秦钟,贾敦,1
秦钟,贾政,12
秦钟,贾琮,1
秦钟,贾珩,1
秦钟,贾琛,2
秦钟,贾琼,2
秦钟,贾菱,1
秦钟,贾芸,1
秦钟,贾芹,1
秦钟,贾蓁,1
秦钟,贾萍,1
秦钟,贾藻,1
秦钟,贾蘅,1
秦钟,贾芬,1
秦钟,贾芳,1
秦钟,贾芝,1
秦钟,邢夫人,2
秦钟,宝珠,6
秦钟,智善,12
秦钟,胡老爷,6
秦钟,贾雨村,3
秦钟,王子腾,3
秦钟,林如海,3
秦钟,贾环,1
秦钟,柳湘莲,4
秦钟,赖尚荣,1
金钏,宝玉,27
金钏,贾政,2
金钏,王夫人,17
金钏,赵姨娘,2
金钏,贾迎春,5
金钏,贾探春,6
金钏,贾惜春,6
金钏,贾环,4
金钏,贾母,14
金钏,薛姨妈,4
金钏,李纨,1
金钏,宝钗,5
金钏,黛玉,3
金钏,紫鹃,2
金钏,雪雁,1
金钏,文杏,1
金钏,司棋,1
金钏,翠墨,2
金钏,丰儿,1
金钏,小红,1
金钏,巧姐儿,1
金钏,贾珍,1
金钏,凤姐,4
金钏,史湘云,1
金钏,邢夫人,1
金钏,玉钏,1
司棋,王夫人,85
司棋,贾母,42
司棋,宝玉,121
司棋,黛玉,12
司棋,贾迎春,146
司棋,贾探春,40
司棋,宝钗,15
司棋,凤姐,141
司棋,薛姨妈,5
司棋,李纨,1
司棋,贾惜春,28
司棋,紫鹃,3
司棋,雪雁,1
司棋,文杏,1
司棋,翠墨,2
司棋,丰儿,1
司棋,小红,1
司棋,金钏,1
司棋,巧姐儿,1
司棋,贾珍,1
司棋,玉钏,1
司棋,赵姨娘,7
司棋,林之孝,5
司棋,贾环,2
司棋,尤氏,5
司棋,贾琏,7
司棋,邢夫人,35
司棋,张妈,10
司棋,潘又安,10
司棋,秋纹,1
丰儿,凤姐,140
丰儿,贾琏,42
丰儿,宝玉,17
丰儿,李嬷嬷,5
丰儿,贾母,59
丰儿,赵姨娘,7
丰儿,宝钗,5
丰儿,贾环,7
丰儿,王夫人,24
丰儿,贾迎春,4
丰儿,黛玉,8
丰儿,王子腾,1
丰儿,薛姨妈,8
丰儿,薛蟠,1
丰儿,贾政,6
丰儿,李纨,1
丰儿,贾探春,32
丰儿,贾惜春,2
丰儿,紫鹃,1
丰儿,雪雁,1
丰儿,文杏,1
丰儿,司棋,1
丰儿,翠墨,1
丰儿,小红,9
丰儿,金钏,1
丰儿,巧姐儿,8
丰儿,贾珍,1
丰儿,邢夫人,7
丰儿,金文翔,1
丰儿,贾蓉,1
丰儿,秦可卿,1
丰儿,秋桐,3
丰儿,林之孝,1
丰儿,王仁,1
尤氏,凤姐,260
尤氏,王夫人,324
尤氏,贾母,892
尤氏,宝玉,223
尤氏,秦可卿,41
尤氏,贾蓉,125
尤氏,秦钟,18
尤氏,贾珍,178
尤氏,赖二,1
尤氏,黛玉,44
尤氏,贾璜,4
尤氏,金氏,18
尤氏,冯紫英,11
尤氏,邢夫人,167
尤氏,贾代儒,6
尤氏,贾敕,3
尤氏,贾效,3
尤氏,贾敦,3
尤氏,贾政,42
尤氏,贾琮,4
尤氏,贾珩,4
尤氏,贾琛,6
尤氏,贾琼,7
尤氏,贾蔷,7
尤氏,贾菱,5
尤氏,贾芸,10
尤氏,贾芹,8
尤氏,贾蓁,3
尤氏,贾萍,3
尤氏,贾藻,3
尤氏,贾蘅,3
尤氏,贾芬,3
尤氏,贾芳,3
尤氏,贾兰,13
尤氏,贾菌,3
尤氏,贾芝,3
尤氏,宝珠,1
尤氏,贾迎春,27
尤氏,薛姨妈,59
尤氏,贾敬,4
尤氏,宝钗,96
尤氏,贾琏,112
尤氏,贾环,10
尤氏,薛蟠,9
尤氏,林之孝,52
尤氏,翠墨,1
尤氏,贾探春,254
尤氏,赖大,8
尤氏,李纹,1
尤氏,娄氏,2
尤氏,史湘云,8
尤氏,邢岫烟,3
尤氏,邢忠,3
尤氏,赵姨娘,10
尤氏,贾惜春,158
尤氏,艾官,4
尤氏,张道士,1
尤氏,王子腾,2
尤氏,李贵,3
尤氏,紫鹃,11
尤氏,司棋,5
尤氏,佩凤,40
尤氏,尤二姐,41
尤氏,尤三姐,3
尤氏,俞禄,11
尤氏,尤老娘,9
尤氏,张华,68
尤氏,王信,4
尤氏,胡君荣,6
尤氏,秋桐,6
尤氏,邢德全,4
尤氏,雪雁,2
尤氏,李婶娘,4
尤氏,周瑞,1
尤氏,妙玉,5
赖二,凤姐,3
赖二,宝玉,1
赖二,尤氏,1
赖二,贾珍,1
赖二,贾蓉,5
詹光,宝玉,19
詹光,贾母,6
詹光,秦可卿,1
詹光,宝钗,1
詹光,单聘仁,2
詹光,吴新登,2
詹光,戴良,1
詹光,钱华,1
詹光,贾政,15
詹光,贾珍,3
詹光,贾琏,2
詹光,赖大,3
詹光,林之孝,1
詹光,程日兴,3
詹光,山子野,1
詹光,贾蓉,1
詹光,薛蟠,6
詹光,邢夫人,2
詹光,王夫人,5
詹光,薛姨妈,2
詹光,凤姐,1
詹光,巧姐儿,2
詹光,冯紫英,48
单聘仁,宝玉,14
单聘仁,贾母,3
单聘仁,秦可卿,1
单聘仁,宝钗,1
单聘仁,詹光,2
单聘仁,吴新登,1
单聘仁,戴良,1
单聘仁,钱华,1
单聘仁,卜固修,1
单聘仁,贾琏,1
单聘仁,薛蟠,6
单聘仁,程日兴,2
吴新登,宝玉,20
吴新登,贾母,14
吴新登,秦可卿,1
吴新登,宝钗,1
吴新登,詹光,2
吴新登,单聘仁,1
吴新登,戴良,2
吴新登,钱华,1
吴新登,贾政,2
吴新登,贾珍,3
吴新登,贾琏,6
吴新登,赖大,4
吴新登,林之孝,2
吴新登,程日兴,1
吴新登,山子野,1
吴新登,贾蓉,1
吴新登,蒋玉菡,1
吴新登,黛玉,6
吴新登,凤姐,10
吴新登,薛姨妈,2
吴新登,单大良,1
吴新登,邢夫人,1
吴新登,王夫人,8
吴新登,王子腾,1
吴新登,贾探春,52
吴新登,赵姨娘,7
吴新登,赵国基,7
吴新登,周瑞,1
戴良,宝玉,8
戴良,贾母,2
戴良,秦可卿,1
戴良,宝钗,1
戴良,詹光,1
戴良,单聘仁,1
戴良,吴新登,2
戴良,钱华,1
戴良,贾琏,4
戴良,凤姐,1
戴良,贾政,1
戴良,赖大,1
戴良,周瑞,1
钱华,宝玉,8
钱华,贾母,2
钱华,秦可卿,1
钱华,宝钗,1
钱华,詹光,1
钱华,单聘仁,1
钱华,吴新登,1
钱华,戴良,1
紫鹃,黛玉,2209
紫鹃,雪雁,731
紫鹃,宝玉,1585
紫鹃,薛姨妈,49
紫鹃,史湘云,7
紫鹃,李纨,29
紫鹃,凤姐,88
紫鹃,宝钗,140
紫鹃,贾母,718
紫鹃,王夫人,118
紫鹃,贾迎春,6
紫鹃,贾探春,154
紫鹃,贾惜春,36
紫鹃,文杏,1
紫鹃,司棋,3
紫鹃,翠墨,9
紫鹃,丰儿,1
紫鹃,小红,9
紫鹃,金钏,2
紫鹃,巧姐儿,1
紫鹃,贾珍,1
紫鹃,邢夫人,9
紫鹃,周姨娘,3
紫鹃,玉钏,1
紫鹃,邢岫烟,3
紫鹃,赖大,1
紫鹃,赵姨娘,11
紫鹃,林之孝,107
紫鹃,单大良,1
紫鹃,宋嬷嬷,3
紫鹃,梅翰林,10
紫鹃,尤氏,11
紫鹃,贾政,10
紫鹃,妙玉,7
紫鹃,秋纹,37
紫鹃,贾雨村,1
紫鹃,贾琏,36
紫鹃,贾芸,12
紫鹃,薛宝琴,2
紫鹃,李婶娘,2
紫鹃,贾环,3
紫鹃,贾兰,3
紫鹃,王子腾,2
紫鹃,王仁,2
紫鹃,墨雨,96
紫鹃,甄宝玉,8
贾代儒,贾蓉,3
贾代儒,秦钟,8
贾代儒,宝玉,11
贾代儒,王夫人,1
贾代儒,薛蟠,7
贾代儒,贾瑞,5
贾代儒,贾蔷,7
贾代儒,贾珍,10
贾代儒,黛玉,2
贾代儒,秦可卿,2
贾代儒,贾母,6
贾代儒,尤氏,6
贾代儒,贾敕,2
贾代儒,贾效,2
贾代儒,贾敦,2
贾代儒,贾政,2
贾代儒,贾琮,2
贾代儒,贾珩,2
贾代儒,贾琛,4
贾代儒,贾琼,4
贾代儒,贾菱,2
贾代儒,贾芸,2
贾代儒,贾芹,2
贾代儒,贾蓁,2
贾代儒,贾萍,2
贾代儒,贾藻,2
贾代儒,贾蘅,2
贾代儒,贾芬,2
贾代儒,贾芳,2
贾代儒,贾兰,2
贾代儒,贾菌,2
贾代儒,贾芝,2
李贵,宝玉,161
李贵,贾政,9
李贵,贾母,17
李贵,秦钟,26
李贵,黛玉,2
李贵,宝钗,9
李贵,贾瑞,3
李贵,王荣,6
李贵,张若锦,6
李贵,赵亦华,6
李贵,钱启,9
李贵,周瑞,12
李贵,王夫人,22
李贵,尤氏,3
李贵,薛姨妈,4
李贵,王一贴,64
李贵,林之孝,1
李贵,赖大,1
李贵,邢夫人,5
李贵,凤姐,1
李贵,贾兰,12
李贵,贾惜春,4
李贵,贾环,2
李贵,史湘云,2
贾瑞,秦钟,31
贾瑞,宝玉,34
贾瑞,王夫人,8
贾瑞,贾代儒,5
贾瑞,薛蟠,35
贾瑞,贾蔷,22
贾瑞,贾珍,10
贾瑞,贾蓉,19
贾瑞,贾菌,7
贾瑞,贾兰,2
贾瑞,墨雨,1
贾瑞,李贵,3
贾瑞,贾母,14
贾瑞,秦可卿,1
贾瑞,凤姐,66
贾蔷,秦钟,11
贾蔷,宝玉,26
贾蔷,王夫人,15
贾蔷,贾代儒,7
贾蔷,薛蟠,21
贾蔷,贾瑞,22
贾蔷,贾珍,15
贾蔷,贾蓉,9
贾蔷,贾琏,4
贾蔷,凤姐,1
贾蔷,贾母,9
贾蔷,黛玉,2
贾蔷,秦可卿,2
贾蔷,尤氏,7
贾蔷,贾敕,2
贾蔷,贾效,2
贾蔷,贾敦,2
贾蔷,贾政,10
贾蔷,贾琮,2
贾蔷,贾珩,2
贾蔷,贾琛,4
贾蔷,贾琼,4
贾蔷,贾菱,2
贾蔷,贾芸,3
贾蔷,贾芹,2
贾蔷,贾蓁,2
贾蔷,贾萍,2
贾蔷,贾藻,2
贾蔷,贾蘅,2
贾蔷,贾芬,2
贾蔷,贾芳,2
贾蔷,贾兰,4
贾蔷,贾菌,2
贾蔷,贾芝,3
贾蔷,薛姨妈,1
贾蔷,林之孝,3
贾蔷,妙玉,2
贾蔷,贾环,5
贾蔷,宝钗,3
贾蔷,赵姨娘,1
贾蔷,邢夫人,1
贾蔷,贾惜春,1
贾蔷,赖尚荣,3
贾菌,贾兰,16
贾菌,宝玉,26
贾菌,秦钟,8
贾菌,墨雨,7
贾菌,贾瑞,7
贾菌,黛玉,2
贾菌,秦可卿,1
贾菌,贾母,22
贾菌,尤氏,3
贾菌,贾珍,4
贾菌,贾代儒,2
贾菌,贾敕,1
贾菌,贾效,1
贾菌,贾敦,1
贾菌,贾政,1
贾菌,贾琮,1
贾菌,贾珩,1
贾菌,贾琛,2
贾菌,贾琼,2
贾菌,贾蔷,2
贾菌,贾菱,3
贾菌,贾芸,3
贾菌,贾芹,3
贾菌,贾蓁,1
贾菌,贾萍,1
贾菌,贾藻,1
贾菌,贾蘅,1
贾菌,贾芬,1
贾菌,贾芳,1
贾菌,贾芝,1
贾菌,凤姐,6
贾菌,娄氏,3
贾菌,林之孝,4
贾菌,薛姨妈,4
贾菌,王夫人,3
贾菌,邢夫人,1
贾菌,宝钗,1
墨雨,贾菌,7
墨雨,贾兰,2
墨雨,宝玉,41
墨雨,秦钟,1
墨雨,贾瑞,1
墨雨,贾环,2
墨雨,贾母,14
墨雨,贾政,2
墨雨,黛玉,58
墨雨,紫鹃,96
墨雨,雪雁,32
墨雨,李纨,4
贾璜,尤氏,4
贾璜,贾母,1
贾璜,贾珍,1
贾璜,贾琏,2
贾璜,贾琮,1
金氏,秦可卿,12
金氏,尤氏,18
金氏,贾珍,17
金氏,秦钟,4
金氏,冯紫英,3
冯紫英,金氏,3
冯紫英,尤氏,11
冯紫英,贾珍,7
冯紫英,贾蓉,6
冯紫英,秦可卿,7
冯紫英,王夫人,2
冯紫英,贾母,26
冯紫英,邢夫人,2
冯紫英,牛继宗,1
冯紫英,柳彪,1
冯紫英,蒋子宁,1
冯紫英,谢鲸,1
冯紫英,戚建辉,1
冯紫英,陈也俊,1
冯紫英,卫若兰,1
冯紫英,宝玉,74
冯紫英,薛蟠,62
冯紫英,冯唐,4
冯紫英,双瑞,4
冯紫英,双寿,4
冯紫英,蒋玉菡,10
冯紫英,云儿,7
冯紫英,黛玉,3
冯紫英,凤姐,1
冯紫英,张道士,3
冯紫英,贾政,42
冯紫英,詹光,48
冯紫英,胡老爷,5
冯紫英,贾琏,18
冯紫英,贾雨村,6
冯紫英,甄士隐,12
冯紫英,林如海,6
贾敕,宝玉,4
贾敕,黛玉,1
贾敕,秦可卿,1
贾敕,贾母,3
贾敕,尤氏,3
贾敕,贾珍,4
贾敕,贾代儒,2
贾敕,贾效,1
贾敕,贾敦,1
贾敕,贾政,1
贾敕,贾琮,1
贾敕,贾珩,1
贾敕,贾琛,2
贾敕,贾琼,2
贾敕,贾蔷,2
贾敕,贾菱,1
贾敕,贾芸,1
贾敕,贾芹,1
贾敕,贾蓁,1
贾敕,贾萍,1
贾敕,贾藻,1
贾敕,贾蘅,1
贾敕,贾芬,1
贾敕,贾芳,1
贾敕,贾兰,1
贾敕,贾菌,1
贾敕,贾芝,1
贾敕,秦钟,1
贾效,宝玉,4
贾效,黛玉,1
贾效,秦可卿,1
贾效,贾母,3
贾效,尤氏,3
贾效,贾珍,4
贾效,贾代儒,2
贾效,贾敕,1
贾效,贾敦,1
贾效,贾政,1
贾效,贾琮,1
贾效,贾珩,1
贾效,贾琛,2
贾效,贾琼,2
贾效,贾蔷,2
贾效,贾菱,1
贾效,贾芸,1
贾效,贾芹,1
贾效,贾蓁,1
贾效,贾萍,1
贾效,贾藻,1
贾效,贾蘅,1
贾效,贾芬,1
贾效,贾芳,1
贾效,贾兰,1
贾效,贾菌,1
贾效,贾芝,1
贾效,秦钟,1
贾敦,宝玉,4
贾敦,黛玉,1
贾敦,秦可卿,1
贾敦,贾母,3
贾敦,尤氏,3
贾敦,贾珍,4
贾敦,贾代儒,2
贾敦,贾敕,1
贾敦,贾效,1
贾敦,贾政,1
贾敦,贾琮,1
贾敦,贾珩,1
贾敦,贾琛,2
贾敦,贾琼,2
贾敦,贾蔷,2
贾敦,贾菱,1
贾敦,贾芸,1
贾敦,贾芹,1
贾敦,贾蓁,1
贾敦,贾萍,1
贾敦,贾藻,1
贾敦,贾蘅,1
贾敦,贾芬,1
贾敦,贾芳,1
贾敦,贾兰,1
贾敦,贾菌,1
贾敦,贾芝,1
贾敦,秦钟,1
贾琮,宝玉,16
贾琮,黛玉,3
贾琮,秦可卿,1
贾琮,贾母,8
贾琮,尤氏,4
贾琮,贾珍,14
贾琮,贾代儒,2
贾琮,贾敕,1
贾琮,贾效,1
贾琮,贾敦,1
贾琮,贾政,1
贾琮,贾珩,1
贾琮,贾琛,2
贾琮,贾琼,2
贾琮,贾蔷,2
贾琮,贾菱,2
贾琮,贾芸,2
贾琮,贾芹,2
贾琮,贾蓁,1
贾琮,贾萍,1
贾琮,贾藻,1
贾琮,贾蘅,1
贾琮,贾芬,1
贾琮,贾芳,1
贾琮,贾兰,6
贾琮,贾菌,1
贾琮,贾芝,1
贾琮,秦钟,1
贾琮,邢夫人,13
贾琮,贾环,5
贾琮,薛姨妈,2
贾琮,王夫人,1
贾琮,凤姐,1
贾琮,宝钗,1
贾琮,李纹,1
贾琮,贾迎春,1
贾琮,贾琏,4
贾琮,贾蓉,5
贾琮,贾璜,1
贾琮,邢德全,3
贾琮,薛蟠,4
贾珩,宝玉,5
贾珩,黛玉,1
贾珩,秦可卿,1
贾珩,贾母,3
贾珩,尤氏,4
贾珩,贾珍,4
贾珩,贾代儒,2
贾珩,贾敕,1
贾珩,贾效,1
贾珩,贾敦,1
贾珩,贾政,1
贾珩,贾琮,1
贾珩,贾琛,2
贾珩,贾琼,2
贾珩,贾蔷,2
贾珩,贾菱,2
贾珩,贾芸,1
贾珩,贾芹,1
贾珩,贾蓁,1
贾珩,贾萍,1
贾珩,贾藻,1
贾珩,贾蘅,1
贾珩,贾芬,1
贾珩,贾芳,1
贾珩,贾兰,1
贾珩,贾菌,1
贾珩,贾芝,1
贾珩,秦钟,1
贾琛,宝玉,8
贾琛,黛玉,2
贾琛,秦可卿,2
贾琛,贾母,6
贾琛,尤氏,6
贾琛,贾珍,8
贾琛,贾代儒,4
贾琛,贾敕,2
贾琛,贾效,2
贾琛,贾敦,2
贾琛,贾政,2
贾琛,贾琮,2
贾琛,贾珩,2
贾琛,贾琼,4
贾琛,贾蔷,4
贾琛,贾菱,2
贾琛,贾芸,2
贾琛,贾芹,2
贾琛,贾蓁,2
贾琛,贾萍,2
贾琛,贾藻,2
贾琛,贾蘅,2
贾琛,贾芬,2
贾琛,贾芳,2
贾琛,贾兰,2
贾琛,贾菌,2
贾琛,贾芝,2
贾琛,秦钟,2
贾琼,宝玉,10
贾琼,黛玉,3
贾琼,秦可卿,2
贾琼,贾母,29
贾琼,尤氏,7
贾琼,贾珍,16
贾琼,贾代儒,4
贾琼,贾敕,2
贾琼,贾效,2
贾琼,贾敦,2
贾琼,贾政,2
贾琼,贾琮,2
贾琼,贾珩,2
贾琼,贾琛,4
贾琼,贾蔷,4
贾琼,贾菱,2
贾琼,贾芸,3
贾琼,贾芹,3
贾琼,贾蓁,2
贾琼,贾萍,3
贾琼,贾藻,2
贾琼,贾蘅,2
贾琼,贾芬,2
贾琼,贾芳,2
贾琼,贾兰,2
贾琼,贾菌,2
贾琼,贾芝,2
贾琼,秦钟,2
贾琼,林之孝,2
贾琼,贾蓉,6
贾琼,邢夫人,7
贾琼,凤姐,9
贾琼,贾探春,2
贾琼,贾迎春,2
贾琼,王夫人,3
贾琼,宝钗,1
贾琼,贾惜春,1
贾琼,薛姨妈,1
贾琼,赖大,1
贾菱,宝玉,6
贾菱,黛玉,2
贾菱,秦可卿,1
贾菱,贾母,12
贾菱,尤氏,5
贾菱,贾珍,5
贾菱,贾代儒,2
贾菱,贾敕,1
贾菱,贾效,1
贾菱,贾敦,1
贾菱,贾政,1
贾菱,贾琮,2
贾菱,贾珩,2
贾菱,贾琛,2
贾菱,贾琼,2
贾菱,贾蔷,2
贾菱,贾芸,3
贾菱,贾芹,3
贾菱,贾蓁,1
贾菱,贾萍,1
贾菱,贾藻,1
贾菱,贾蘅,1
贾菱,贾芬,1
贾菱,贾芳,1
贾菱,贾兰,1
贾菱,贾菌,3
贾菱,贾芝,1
贾菱,秦钟,1
贾菱,薛姨妈,4
贾菱,邢夫人,1
贾菱,王夫人,1
贾菱,凤姐,4
贾菱,宝钗,1
贾菱,李纹,1
贾菱,贾迎春,1
贾菱,贾琏,1
贾菱,贾环,1
贾菱,贾蓉,1
贾菱,娄氏,1
贾菱,林之孝,2
贾芸,宝玉,211
贾芸,黛玉,24
贾芸,秦可卿,1
贾芸,贾母,73
贾芸,尤氏,10
贾芸,贾珍,13
贾芸,贾代儒,2
贾芸,贾敕,1
贾芸,贾效,1
贾芸,贾敦,1
贾芸,贾政,35
贾芸,贾琮,2
贾芸,贾珩,1
贾芸,贾琛,2
贾芸,贾琼,3
贾芸,贾蔷,3
贾芸,贾菱,3
贾芸,贾芹,6
贾芸,贾蓁,1
贾芸,贾萍,2
贾芸,贾藻,1
贾芸,贾蘅,1
贾芸,贾芬,1
贾芸,贾芳,1
贾芸,贾兰,2
贾芸,贾菌,3
贾芸,贾芝,1
贾芸,秦钟,1
贾芸,贾琏,73
贾芸,邢夫人,39
贾芸,王夫人,33
贾芸,卜世仁,22
贾芸,倪二,54
贾芸,凤姐,159
贾芸,绮霰,6
贾芸,方椿,6
贾芸,宝钗,3
贾芸,秋纹,6
贾芸,檀云,1
贾芸,小红,66
贾芸,王子腾,2
贾芸,薛姨妈,5
贾芸,林之孝,39
贾芸,贾蓉,8
贾芸,李纹,1
贾芸,贾迎春,1
贾芸,贾环,51
贾芸,娄氏,1
贾芸,紫鹃,12
贾芸,雪雁,3
贾芸,巧姐儿,22
贾芸,周瑞,17
贾芸,冷子兴,6
贾芸,贾惜春,9
贾芸,王仁,30
贾芸,赵姨娘,8
贾芹,宝玉,9
贾芹,黛玉,2
贾芹,秦可卿,1
贾芹,贾母,19
贾芹,尤氏,8
贾芹,贾珍,42
贾芹,贾代儒,2
贾芹,贾敕,1
贾芹,贾效,1
贾芹,贾敦,1
贾芹,贾政,13
贾芹,贾琮,2
贾芹,贾珩,1
贾芹,贾琛,2
贾芹,贾琼,3
贾芹,贾蔷,2
贾芹,贾菱,3
贾芹,贾芸,6
贾芹,贾蓁,1
贾芹,贾萍,2
贾芹,贾藻,1
贾芹,贾蘅,1
贾芹,贾芬,1
贾芹,贾芳,1
贾芹,贾兰,1
贾芹,贾菌,3
贾芹,贾芝,1
贾芹,秦钟,1
贾芹,凤姐,11
贾芹,王夫人,7
贾芹,贾琏,92
贾芹,周氏,2
贾芹,邢夫人,4
贾芹,林之孝,4
贾芹,贾蓉,19
贾芹,贾敬,3
贾芹,薛姨妈,4
贾芹,宝钗,1
贾芹,李纹,1
贾芹,贾迎春,1
贾芹,贾环,1
贾芹,娄氏,1
贾芹,赖大,56
贾蓁,宝玉,4
贾蓁,黛玉,1
贾蓁,秦可卿,1
贾蓁,贾母,3
贾蓁,尤氏,3
贾蓁,贾珍,4
贾蓁,贾代儒,2
贾蓁,贾敕,1
贾蓁,贾效,1
贾蓁,贾敦,1
贾蓁,贾政,1
贾蓁,贾琮,1
贾蓁,贾珩,1
贾蓁,贾琛,2
贾蓁,贾琼,2
贾蓁,贾蔷,2
贾蓁,贾菱,1
贾蓁,贾芸,1
贾蓁,贾芹,1
贾蓁,贾萍,1
贾蓁,贾藻,1
贾蓁,贾蘅,1
贾蓁,贾芬,1
贾蓁,贾芳,1
贾蓁,贾兰,1
贾蓁,贾菌,1
贾蓁,贾芝,1
贾蓁,秦钟,1
贾萍,宝玉,4
贾萍,黛玉,1
贾萍,秦可卿,1
贾萍,贾母,4
贾萍,尤氏,3
贾萍,贾珍,12
贾萍,贾代儒,2
贾萍,贾敕,1
贾萍,贾效,1
贾萍,贾敦,1
贾萍,贾政,1
贾萍,贾琮,1
贾萍,贾珩,1
贾萍,贾琛,2
贾萍,贾琼,3
贾萍,贾蔷,2
贾萍,贾菱,1
贾萍,贾芸,2
贾萍,贾芹,2
贾萍,贾蓁,1
贾萍,贾藻,1
贾萍,贾蘅,1
贾萍,贾芬,1
贾萍,贾芳,1
贾萍,贾兰,1
贾萍,贾菌,1
贾萍,贾芝,1
贾萍,秦钟,1
贾萍,林之孝,2
贾萍,贾蓉,6
贾藻,宝玉,4
贾藻,黛玉,1
贾藻,秦可卿,1
贾藻,贾母,3
贾藻,尤氏,3
贾藻,贾珍,4
贾藻,贾代儒,2
贾藻,贾敕,1
贾藻,贾效,1
贾藻,贾敦,1
贾藻,贾政,1
贾藻,贾琮,1
贾藻,贾珩,1
贾藻,贾琛,2
贾藻,贾琼,2
贾藻,贾蔷,2
贾藻,贾菱,1
贾藻,贾芸,1
贾藻,贾芹,1
贾藻,贾蓁,1
贾藻,贾萍,1
贾藻,贾蘅,1
贾藻,贾芬,1
贾藻,贾芳,1
贾藻,贾兰,1
贾藻,贾菌,1
贾藻,贾芝,1
贾藻,秦钟,1
贾蘅,宝玉,4
贾蘅,黛玉,1
贾蘅,秦可卿,1
贾蘅,贾母,3
贾蘅,尤氏,3
贾蘅,贾珍,4
贾蘅,贾代儒,2
贾蘅,贾敕,1
贾蘅,贾效,1
贾蘅,贾敦,1
贾蘅,贾政,1
贾蘅,贾琮,1
贾蘅,贾珩,1
贾蘅,贾琛,2
贾蘅,贾琼,2
贾蘅,贾蔷,2
贾蘅,贾菱,1
贾蘅,贾芸,1
贾蘅,贾芹,1
贾蘅,贾蓁,1
贾蘅,贾萍,1
贾蘅,贾藻,1
贾蘅,贾芬,1
贾蘅,贾芳,1
贾蘅,贾兰,1
贾蘅,贾菌,1
贾蘅,贾芝,1
贾蘅,秦钟,1
贾芬,宝玉,4
贾芬,黛玉,1
贾芬,秦可卿,1
贾芬,贾母,3
贾芬,尤氏,3
贾芬,贾珍,4
贾芬,贾代儒,2
贾芬,贾敕,1
贾芬,贾效,1
贾芬,贾敦,1
贾芬,贾政,1
贾芬,贾琮,1
贾芬,贾珩,1
贾芬,贾琛,2
贾芬,贾琼,2
贾芬,贾蔷,2
贾芬,贾菱,1
贾芬,贾芸,1
贾芬,贾芹,1
贾芬,贾蓁,1
贾芬,贾萍,1
贾芬,贾藻,1
贾芬,贾蘅,1
贾芬,贾芳,1
贾芬,贾兰,1
贾芬,贾菌,1
贾芬,贾芝,1
贾芬,秦钟,1
贾芳,宝玉,4
贾芳,黛玉,1
贾芳,秦可卿,1
贾芳,贾母,3
贾芳,尤氏,3
贾芳,贾珍,4
贾芳,贾代儒,2
贾芳,贾敕,1
贾芳,贾效,1
贾芳,贾敦,1
贾芳,贾政,1
贾芳,贾琮,1
贾芳,贾珩,1
贾芳,贾琛,2
贾芳,贾琼,2
贾芳,贾蔷,2
贾芳,贾菱,1
贾芳,贾芸,1
贾芳,贾芹,1
贾芳,贾蓁,1
贾芳,贾萍,1
贾芳,贾藻,1
贾芳,贾蘅,1
贾芳,贾芬,1
贾芳,贾兰,1
贾芳,贾菌,1
贾芳,贾芝,1
贾芳,秦钟,1
贾芝,宝玉,5
贾芝,黛玉,1
贾芝,秦可卿,1
贾芝,贾母,4
贾芝,尤氏,3
贾芝,贾珍,5
贾芝,贾代儒,2
贾芝,贾敕,1
贾芝,贾效,1
贾芝,贾敦,1
贾芝,贾政,8
贾芝,贾琮,1
贾芝,贾珩,1
贾芝,贾琛,2
贾芝,贾琼,2
贾芝,贾蔷,3
贾芝,贾菱,1
贾芝,贾芸,1
贾芝,贾芹,1
贾芝,贾蓁,1
贾芝,贾萍,1
贾芝,贾藻,1
贾芝,贾蘅,1
贾芝,贾芬,1
贾芝,贾芳,1
贾芝,贾兰,2
贾芝,贾菌,1
贾芝,秦钟,1
贾芝,贾琏,3
贾芝,贾蓉,1
贾芝,贾环,1
宝珠,薛蟠,3
宝珠,贾珍,14
宝珠,秦可卿,10
宝珠,尤氏,1
宝珠,凤姐,14
宝珠,王夫人,2
宝珠,宝玉,12
宝珠,贾蓉,1
宝珠,秦钟,6
宝珠,智善,2
宝珠,胡老爷,1
宝珠,贾母,1
戴权,贾珍,27
戴权,贾蓉,6
王仁,凤姐,62
王仁,王夫人,21
王仁,贾迎春,1
王仁,邢夫人,27
王仁,李纹,1
王仁,薛蟠,1
王仁,薛宝琴,1
王仁,梅翰林,1
王仁,黛玉,5
王仁,宝玉,31
王仁,王子腾,6
王仁,贾母,16
王仁,紫鹃,2
王仁,贾探春,2
王仁,贾琏,55
王仁,宝钗,10
王仁,贾政,6
王仁,巧姐儿,17
王仁,丰儿,1
王仁,小红,1
王仁,贾芸,30
王仁,贾环,28
王仁,赵姨娘,2
王仁,贾兰,1
牛继宗,柳彪,1
牛继宗,蒋子宁,1
牛继宗,谢鲸,1
牛继宗,戚建辉,1
牛继宗,冯紫英,1
牛继宗,陈也俊,1
牛继宗,卫若兰,1
柳彪,牛继宗,1
柳彪,蒋子宁,1
柳彪,谢鲸,1
柳彪,戚建辉,1
柳彪,冯紫英,1
柳彪,陈也俊,1
柳彪,卫若兰,1
蒋子宁,牛继宗,1
蒋子宁,柳彪,1
蒋子宁,谢鲸,1
蒋子宁,戚建辉,1
蒋子宁,冯紫英,1
蒋子宁,陈也俊,1
蒋子宁,卫若兰,1
谢鲸,牛继宗,1
谢鲸,柳彪,1
谢鲸,蒋子宁,1
谢鲸,戚建辉,1
谢鲸,冯紫英,1
谢鲸,陈也俊,1
谢鲸,卫若兰,1
戚建辉,牛继宗,1
戚建辉,柳彪,1
戚建辉,蒋子宁,1
戚建辉,谢鲸,1
戚建辉,冯紫英,1
戚建辉,陈也俊,1
戚建辉,卫若兰,1
陈也俊,牛继宗,1
陈也俊,柳彪,1
陈也俊,蒋子宁,1
陈也俊,谢鲸,1
陈也俊,戚建辉,1
陈也俊,冯紫英,1
陈也俊,卫若兰,1
卫若兰,牛继宗,1
卫若兰,柳彪,1
卫若兰,蒋子宁,1
卫若兰,谢鲸,1
卫若兰,戚建辉,1
卫若兰,冯紫英,1
卫若兰,陈也俊,1
水溶,贾珍,9
水溶,宝玉,42
水溶,贾政,6
智善,宝珠,2
智善,贾珍,2
智善,凤姐,20
智善,王夫人,4
智善,宝玉,24
智善,秦可卿,2
智善,贾蓉,2
智善,秦钟,12
智善,胡老爷,2
智善,贾母,2
胡老爷,宝珠,1
胡老爷,贾珍,1
胡老爷,凤姐,10
胡老爷,王夫人,2
胡老爷,宝玉,12
胡老爷,秦可卿,2
胡老爷,贾蓉,1
胡老爷,秦钟,6
胡老爷,智善,2
胡老爷,贾母,2
胡老爷,贾政,1
胡老爷,冯紫英,5
金哥,凤姐,4
金哥,李公子,2
李公子,凤姐,2
李公子,金哥,2
云光,凤姐,1
云光,贾琏,1
贾元春,贾探春,1
贾元春,贾珍,2
贾元春,贾政,1
贾元春,宝玉,2
贾元春,夏守忠,1
贾元春,宝钗,1
夏守忠,贾政,6
夏守忠,贾元春,1
夏守忠,宝玉,6
夏守忠,宝钗,1
夏守忠,王夫人,1
夏守忠,贾母,3
赵嬷嬷,贾琏,26
赵嬷嬷,凤姐,35
赵嬷嬷,王夫人,2
卜固修,单聘仁,1
卜固修,贾琏,1
山子野,贾琏,3
山子野,贾政,1
山子野,贾珍,3
山子野,赖大,3
山子野,林之孝,1
山子野,吴新登,1
山子野,詹光,1
山子野,程日兴,1
山子野,贾蓉,1
赖大,贾政,19
赖大,贾珍,10
赖大,贾琏,102
赖大,林之孝,11
赖大,吴新登,4
赖大,詹光,3
赖大,程日兴,3
赖大,山子野,3
赖大,贾蓉,4
赖大,宝玉,18
赖大,贾环,1
赖大,贾母,61
赖大,薛姨妈,4
赖大,邢夫人,11
赖大,王夫人,21
赖大,凤姐,27
赖大,尤氏,8
赖大,薛蟠,1
赖大,柳湘莲,1
赖大,邢岫烟,1
赖大,紫鹃,1
赖大,黛玉,4
赖大,佩凤,2
赖大,贾探春,2
赖大,贾迎春,2
赖大,宝钗,1
赖大,贾惜春,1
赖大,贾琼,1
赖大,李贵,1
赖大,贾芹,56
赖大,戴良,1
赖大,周瑞,2
林之孝,贾政,37
林之孝,贾珍,23
林之孝,贾琏,234
林之孝,赖大,11
林之孝,吴新登,2
林之孝,詹光,1
林之孝,程日兴,1
林之孝,山子野,1
林之孝,贾蓉,14
林之孝,王夫人,26
林之孝,薛姨妈,9
林之孝,贾蔷,3
林之孝,妙玉,6
林之孝,凤姐,92
林之孝,李纨,2
林之孝,宝玉,258
林之孝,贾芸,39
林之孝,贾萍,2
林之孝,贾芹,4
林之孝,贾琼,2
林之孝,贾母,234
林之孝,尤氏,52
林之孝,王子腾,6
林之孝,贾菌,4
林之孝,娄氏,2
林之孝,贾菱,2
林之孝,单大良,3
林之孝,邢夫人,15
林之孝,贾探春,94
林之孝,宝钗,29
林之孝,黛玉,107
林之孝,紫鹃,107
林之孝,玉钏,3
林之孝,赵姨娘,35
林之孝,司棋,5
林之孝,贾环,5
林之孝,尤三姐,1
林之孝,王信,1
林之孝,佩凤,6
林之孝,贾迎春,15
林之孝,李贵,1
林之孝,邢岫烟,9
林之孝,雪雁,56
林之孝,秋桐,1
林之孝,丰儿,1
林之孝,贾惜春,10
林之孝,周瑞,43
程日兴,贾政,11
程日兴,贾珍,3
程日兴,贾琏,2
程日兴,赖大,3
程日兴,林之孝,1
程日兴,吴新登,1
程日兴,詹光,3
程日兴,山子野,1
程日兴,贾蓉,1
程日兴,宝玉,15
程日兴,薛蟠,12
程日兴,贾母,8
程日兴,单聘仁,2
程日兴,宝钗,6
程日兴,贾惜春,1
程日兴,黛玉,1
程日兴,凤姐,5
妙玉,王夫人,54
妙玉,薛姨妈,2
妙玉,贾蔷,2
妙玉,林之孝,6
妙玉,贾母,134
妙玉,宝玉,468
妙玉,宝钗,106
妙玉,黛玉,111
妙玉,邢岫烟,1
妙玉,史湘云,1
妙玉,李纹,1
妙玉,紫鹃,7
妙玉,贾惜春,233
妙玉,贾探春,3
妙玉,凤姐,15
妙玉,贾政,6
妙玉,贾迎春,2
妙玉,尤氏,5
妙玉,贾蓉,1
妙玉,贾琏,7
妙玉,秋桐,1
妙玉,贾雨村,2
妙玉,贾环,4
贾环,贾探春,20
贾环,贾政,61
贾环,宝玉,294
贾环,贾兰,43
贾环,贾母,104
贾环,邢夫人,63
贾环,王夫人,147
贾环,贾敬,1
贾环,宝钗,85
贾环,尤氏,10
贾环,凤姐,74
贾环,贾珍,25
贾环,贾琏,21
贾环,贾蓉,10
贾环,薛姨妈,22
贾环,贾迎春,18
贾环,贾惜春,18
贾环,史湘云,11
贾环,黛玉,25
贾环,赵姨娘,134
贾环,丰儿,7
贾环,李纨,1
贾环,金钏,4
贾环,贾珠,1
贾环,贾琮,5
贾环,王子腾,5
贾环,赖大,1
贾环,薛蟠,6
贾环,秦钟,1
贾环,李纹,1
贾环,贾芹,1
贾环,贾芸,51
贾环,贾菱,1
贾环,春燕,1
贾环,夏婆子,4
贾环,钱槐,1
贾环,林之孝,5
贾环,司棋,2
贾环,尤三姐,1
贾环,王信,1
贾环,小霞,4
贾环,邢德全,3
贾环,佩凤,2
贾环,巧姐儿,31
贾环,墨雨,2
贾环,紫鹃,3
贾环,雪雁,2
贾环,邢岫烟,1
贾环,薛宝琴,1
贾环,李婶娘,1
贾环,贾蔷,5
贾环,贾芝,1
贾环,周姨娘,9
贾环,马道婆,3
贾环,甄宝玉,8
贾环,王仁,28
贾环,贾雨村,2
贾环,妙玉,4
贾环,李贵,2
秋纹,宝玉,319
秋纹,贾母,102
秋纹,黛玉,62
秋纹,贾芸,6
秋纹,王夫人,17
秋纹,宝钗,31
秋纹,檀云,2
秋纹,凤姐,12
秋纹,小红,5
秋纹,玉钏,1
秋纹,邢夫人,1
秋纹,史湘云,4
秋纹,贾探春,4
秋纹,宋嬷嬷,4
秋纹,贾珍,1
秋纹,紫鹃,37
秋纹,司棋,1
秋纹,雪雁,3
秋纹,贾政,1
秋纹,贾惜春,2
秋纹,巧姐儿,4
史湘云,宝玉,446
史湘云,薛姨妈,54
史湘云,贾环,11
史湘云,宝钗,152
史湘云,贾探春,31
史湘云,贾迎春,29
史湘云,贾惜春,13
史湘云,黛玉,207
史湘云,贾母,292
史湘云,王夫人,61
史湘云,凤姐,75
史湘云,紫鹃,7
史湘云,雪雁,4
史湘云,云儿,2
史湘云,李纨,9
史湘云,贾雨村,9
史湘云,金钏,1
史湘云,赵姨娘,6
史湘云,周姨娘,6
史湘云,秋纹,4
史湘云,邢岫烟,5
史湘云,李纹,4
史湘云,妙玉,1
史湘云,贾琏,2
史湘云,贾珍,5
史湘云,邢夫人,13
史湘云,贾蓉,1
史湘云,尤氏,8
史湘云,娄氏,1
史湘云,贾政,2
史湘云,薛宝琴,2
史湘云,李婶娘,16
史湘云,贾兰,7
史湘云,李贵,2
赵姨娘,宝钗,23
赵姨娘,宝玉,167
赵姨娘,凤姐,128
赵姨娘,贾环,134
赵姨娘,王夫人,164
赵姨娘,丰儿,7
赵姨娘,贾迎春,14
赵姨娘,贾政,30
赵姨娘,金钏,2
赵姨娘,贾探春,106
赵姨娘,贾惜春,4
赵姨娘,贾母,142
赵姨娘,马道婆,114
赵姨娘,黛玉,23
赵姨娘,周姨娘,29
赵姨娘,李纨,4
赵姨娘,贾琏,13
赵姨娘,史湘云,6
赵姨娘,薛姨妈,23
赵姨娘,吴新登,7
赵姨娘,赵国基,9
赵姨娘,紫鹃,11
赵姨娘,雪雁,1
赵姨娘,贾珍,1
赵姨娘,尤氏,10
赵姨娘,夏婆子,24
赵姨娘,柳五儿,1
赵姨娘,钱槐,1
赵姨娘,玉钏,1
赵姨娘,林之孝,35
赵姨娘,司棋,7
赵姨娘,小霞,5
赵姨娘,小鹊,3
赵姨娘,邢夫人,27
赵姨娘,巧姐儿,8
赵姨娘,尤二姐,2
赵姨娘,贾蔷,1
赵姨娘,贾兰,1
赵姨娘,贾芸,8
赵姨娘,王仁,2
李纨,贾母,48
李纨,贾政,10
李纨,宝玉,40
李纨,王夫人,33
李纨,宝钗,18
李纨,黛玉,48
李纨,贾兰,1
李纨,贾环,1
李纨,凤姐,28
李纨,紫鹃,29
李纨,雪雁,10
李纨,赵姨娘,4
李纨,周姨娘,5
李纨,贾惜春,6
李纨,林之孝,2
李纨,薛姨妈,12
李纨,贾迎春,6
李纨,贾探春,5
李纨,文杏,1
李纨,司棋,1
李纨,翠墨,1
李纨,丰儿,1
李纨,小红,1
李纨,金钏,1
李纨,巧姐儿,1
李纨,贾珍,1
李纨,史湘云,9
李纨,贾珠,3
李纨,邢夫人,1
李纨,墨雨,4
周氏,贾琏,5
周氏,贾政,1
周氏,凤姐,2
周氏,贾芹,2
卜世仁,贾芸,22
卜世仁,倪二,18
倪二,卜世仁,18
倪二,贾芸,54
倪二,绮霰,1
倪二,宝玉,3
倪二,凤姐,2
倪二,方椿,1
倪二,周瑞,1
倪二,冷子兴,1
绮霰,贾芸,6
绮霰,宝玉,2
绮霰,凤姐,1
绮霰,倪二,1
绮霰,方椿,1
方椿,贾芸,6
方椿,绮霰,1
方椿,宝玉,2
方椿,凤姐,1
方椿,倪二,1
檀云,宝玉,4
檀云,贾芸,1
檀云,贾母,2
檀云,王夫人,7
檀云,宝钗,1
檀云,秋纹,2
小红,秋纹,5
小红,凤姐,32
小红,黛玉,7
小红,宝玉,7
小红,贾芸,66
小红,贾母,20
小红,薛姨妈,3
小红,王夫人,3
小红,李纨,1
小红,宝钗,3
小红,贾迎春,2
小红,贾探春,5
小红,贾惜春,2
小红,紫鹃,9
小红,雪雁,5
小红,文杏,1
小红,司棋,1
小红,翠墨,1
小红,丰儿,9
小红,金钏,1
小红,巧姐儿,8
小红,贾珍,1
小红,贾琏,17
小红,贾蓉,1
小红,秦可卿,1
小红,秋桐,1
小红,王仁,1
马道婆,黛玉,30
马道婆,宝玉,64
马道婆,贾母,69
马道婆,赵姨娘,114
马道婆,王夫人,8
马道婆,周姨娘,3
马道婆,贾环,3
马道婆,邢夫人,3
周姨娘,黛玉,15
周姨娘,宝钗,6
周姨娘,赵姨娘,29
周姨娘,宝玉,17
周姨娘,李纨,5
周姨娘,王夫人,43
周姨娘,凤姐,38
周姨娘,贾迎春,2
周姨娘,贾探春,3
周姨娘,贾惜春,2
周姨娘,贾母,32
周姨娘,邢夫人,4
周姨娘,薛姨妈,16
周姨娘,紫鹃,3
周姨娘,史湘云,6
周姨娘,贾环,9
周姨娘,马道婆,3
周姨娘,贾政,3
冯唐,宝玉,6
冯唐,薛蟠,5
冯唐,冯紫英,4
蒋玉菡,宝钗,8
蒋玉菡,宝玉,103
蒋玉菡,双瑞,1
蒋玉菡,双寿,1
蒋玉菡,冯紫英,10
蒋玉菡,薛蟠,30
蒋玉菡,云儿,7
蒋玉菡,黛玉,7
蒋玉菡,凤姐,2
蒋玉菡,薛姨妈,27
蒋玉菡,贾母,8
蒋玉菡,吴新登,1
蒋玉菡,王夫人,6
蒋玉菡,贾政,13
蒋玉菡,贾探春,2
蒋玉菡,贾惜春,3
双瑞,宝玉,6
双瑞,双寿,1
双瑞,冯紫英,4
双瑞,薛蟠,1
双瑞,蒋玉菡,1
双瑞,云儿,1
双寿,宝玉,6
双寿,双瑞,1
双寿,冯紫英,4
双寿,薛蟠,1
双寿,蒋玉菡,1
双寿,云儿,1
云儿,宝玉,22
云儿,双瑞,1
云儿,双寿,1
云儿,冯紫英,7
云儿,薛蟠,30
云儿,蒋玉菡,7
云儿,贾母,10
云儿,贾探春,1
云儿,宝钗,3
云儿,黛玉,3
云儿,史湘云,2
云儿,王夫人,1
云儿,凤姐,1
文杏,贾母,12
文杏,薛姨妈,6
文杏,王夫人,3
文杏,李纨,1
文杏,宝钗,6
文杏,黛玉,2
文杏,贾迎春,2
文杏,贾探春,2
文杏,贾惜春,2
文杏,紫鹃,1
文杏,雪雁,1
文杏,司棋,1
文杏,翠墨,1
文杏,丰儿,1
文杏,小红,1
文杏,金钏,1
文杏,巧姐儿,1
文杏,宝玉,1
文杏,贾珍,1
文杏,凤姐,1
文杏,薛蟠,1
翠墨,贾母,26
翠墨,薛姨妈,3
翠墨,王夫人,4
翠墨,李纨,1
翠墨,宝钗,11
翠墨,黛玉,27
翠墨,贾迎春,2
翠墨,贾探春,31
翠墨,贾惜春,7
翠墨,紫鹃,9
翠墨,雪雁,8
翠墨,文杏,1
翠墨,司棋,2
翠墨,丰儿,1
翠墨,小红,1
翠墨,金钏,2
翠墨,巧姐儿,2
翠墨,宝玉,46
翠墨,贾珍,1
翠墨,凤姐,3
翠墨,贾政,1
翠墨,尤氏,1
翠墨,邢夫人,1
翠墨,玉钏,1
翠墨,夏婆子,3
翠墨,艾官,2
翠墨,邢岫烟,1
巧姐儿,贾母,134
巧姐儿,薛姨妈,19
巧姐儿,王夫人,102
巧姐儿,李纨,1
巧姐儿,宝钗,49
巧姐儿,黛玉,8
巧姐儿,贾迎春,2
巧姐儿,贾探春,12
巧姐儿,贾惜春,3
巧姐儿,紫鹃,1
巧姐儿,雪雁,1
巧姐儿,文杏,1
巧姐儿,司棋,1
巧姐儿,翠墨,2
巧姐儿,丰儿,8
巧姐儿,小红,8
巧姐儿,金钏,1
巧姐儿,宝玉,131
巧姐儿,贾珍,1
巧姐儿,凤姐,121
巧姐儿,邢岫烟,1
巧姐儿,贾政,15
巧姐儿,邢夫人,43
巧姐儿,詹光,2
巧姐儿,贾环,31
巧姐儿,赵姨娘,8
巧姐儿,贾芸,22
巧姐儿,贾琏,42
巧姐儿,秋桐,2
巧姐儿,王仁,17
巧姐儿,王子腾,2
巧姐儿,贾兰,2
巧姐儿,秋纹,4
张道士,贾母,79
张道士,贾珍,14
张道士,宝玉,42
张道士,凤姐,6
张道士,黛玉,29
张道士,冯紫英,3
张道士,王夫人,1
张道士,王子腾,1
张道士,尤氏,1
宝官,玉官,2
宝官,宝玉,21
玉官,宝官,2
玉官,宝玉,5
王济仁,宝玉,14
玉钏,贾母,13
玉钏,王夫人,3
玉钏,宝玉,18
玉钏,凤姐,14
玉钏,宝钗,1
玉钏,秋纹,1
玉钏,邢夫人,1
玉钏,紫鹃,1
玉钏,翠墨,1
玉钏,金钏,1
玉钏,赵姨娘,1
玉钏,贾探春,1
玉钏,林之孝,3
玉钏,司棋,1
玉钏,贾琏,4
傅秋芳,宝玉,32
傅秋芳,贾政,8
宋嬷嬷,宝玉,19
宋嬷嬷,秋纹,4
宋嬷嬷,贾母,7
宋嬷嬷,紫鹃,3
宋嬷嬷,黛玉,1
金文翔,邢夫人,6
金文翔,凤姐,2
金文翔,贾母,14
金文翔,丰儿,1
金文翔,黛玉,2
金文翔,贾琏,12
金文翔,宝玉,2
柳湘莲,贾母,6
柳湘莲,王夫人,5
柳湘莲,薛姨妈,31
柳湘莲,宝玉,31
柳湘莲,赖大,1
柳湘莲,薛蟠,44
柳湘莲,贾珍,4
柳湘莲,贾琏,15
柳湘莲,贾蓉,1
柳湘莲,赖尚荣,8
柳湘莲,秦钟,4
柳湘莲,尤二姐,13
柳湘莲,凤姐,25
柳湘莲,尤三姐,11
柳湘莲,尤老娘,1
柳湘莲,宝钗,6
柳湘莲,俞禄,1
柳湘莲,张华,1
柳湘莲,贾探春,1
柳湘莲,柳五儿,1
赖尚荣,柳湘莲,8
赖尚荣,薛蟠,10
赖尚荣,宝玉,20
赖尚荣,秦钟,1
赖尚荣,贾母,4
赖尚荣,贾琏,5
赖尚荣,黛玉,1
赖尚荣,贾探春,3
赖尚荣,贾政,6
赖尚荣,王夫人,9
赖尚荣,贾蔷,3
李纹,邢夫人,4
李纹,凤姐,12
李纹,王仁,1
李纹,薛蟠,1
李纹,薛宝琴,1
李纹,梅翰林,1
李纹,黛玉,28
李纹,宝玉,146
李纹,贾迎春,3
李纹,贾探春,100
李纹,贾惜春,2
李纹,宝钗,18
李纹,邢岫烟,10
李纹,史湘云,4
李纹,贾母,74
李纹,妙玉,1
李纹,薛姨妈,15
李纹,王夫人,2
李纹,尤氏,1
李纹,贾珍,1
李纹,贾琏,1
李纹,贾环,1
李纹,贾琮,1
李纹,贾蓉,1
李纹,贾芹,1
李纹,贾芸,1
李纹,贾菱,1
李纹,王子腾,1
李纹,雪雁,1
李纹,李婶娘,2
薛宝琴,邢夫人,4
薛宝琴,凤姐,2
薛宝琴,王仁,1
薛宝琴,李纹,1
薛宝琴,薛蟠,1
薛宝琴,梅翰林,1
薛宝琴,黛玉,7
薛宝琴,宝玉,12
薛宝琴,紫鹃,2
薛宝琴,贾母,13
薛宝琴,雪雁,2
薛宝琴,贾探春,3
薛宝琴,贾惜春,2
薛宝琴,邢岫烟,2
薛宝琴,史湘云,2
薛宝琴,李婶娘,2
薛宝琴,王夫人,1
薛宝琴,贾政,1
薛宝琴,贾环,1
薛宝琴,贾兰,1
薛宝琴,宝钗,5
薛宝琴,薛姨妈,1
薛宝琴,贾迎春,1
梅翰林,邢夫人,2
梅翰林,凤姐,1
梅翰林,王仁,1
梅翰林,李纹,1
梅翰林,薛蟠,1
梅翰林,薛宝琴,1
梅翰林,黛玉,2
梅翰林,宝玉,20
梅翰林,薛姨妈,2
梅翰林,贾母,10
梅翰林,紫鹃,10
梅翰林,王夫人,3
邢岫烟,贾母,52
邢岫烟,王夫人,5
邢岫烟,薛蟠,3
邢岫烟,邢夫人,26
邢岫烟,贾迎春,8
邢岫烟,贾探春,32
邢岫烟,贾惜春,7
邢岫烟,宝钗,26
邢岫烟,黛玉,34
邢岫烟,李纹,10
邢岫烟,宝玉,71
邢岫烟,史湘云,5
邢岫烟,妙玉,1
邢岫烟,紫鹃,3
邢岫烟,赖大,1
邢岫烟,薛姨妈,13
邢岫烟,邢忠,1
邢岫烟,尤氏,3
邢岫烟,翠墨,1
邢岫烟,巧姐儿,1
邢岫烟,凤姐,20
邢岫烟,夏金桂,2
邢岫烟,雪雁,2
邢岫烟,薛宝琴,2
邢岫烟,李婶娘,2
邢岫烟,贾政,1
邢岫烟,贾环,1
邢岫烟,贾兰,1
邢岫烟,林之孝,9
李婶娘,宝钗,58
李婶娘,紫鹃,2
李婶娘,宝玉,53
李婶娘,贾母,180
李婶娘,黛玉,12
李婶娘,雪雁,2
李婶娘,贾探春,3
李婶娘,贾惜春,2
李婶娘,邢岫烟,2
李婶娘,凤姐,16
李婶娘,史湘云,16
李婶娘,薛宝琴,2
李婶娘,王夫人,31
李婶娘,邢夫人,14
李婶娘,贾政,5
李婶娘,贾环,1
李婶娘,贾兰,11
李婶娘,薛姨妈,22
李婶娘,贾迎春,21
李婶娘,尤氏,4
李婶娘,李纹,2
李婶娘,甄宝玉,2
王荣,宝玉,10
王荣,李贵,6
王荣,张若锦,4
王荣,赵亦华,4
王荣,钱启,6
王荣,周瑞,8
张若锦,宝玉,10
张若锦,李贵,6
张若锦,王荣,4
张若锦,赵亦华,4
张若锦,钱启,6
张若锦,周瑞,8
赵亦华,宝玉,10
赵亦华,李贵,6
赵亦华,王荣,4
赵亦华,张若锦,4
赵亦华,钱启,6
赵亦华,周瑞,8
钱启,宝玉,15
钱启,李贵,9
钱启,王荣,6
钱启,张若锦,6
钱启,赵亦华,6
钱启,周瑞,12
乌进孝,贾珍,50
乌进孝,贾蓉,27
乌进孝,贾母,8
娄氏,贾母,19
娄氏,凤姐,3
娄氏,贾菌,3
娄氏,贾芹,1
娄氏,贾芸,1
娄氏,贾菱,1
娄氏,林之孝,2
娄氏,薛姨妈,3
娄氏,王夫人,3
娄氏,黛玉,1
娄氏,邢夫人,1
娄氏,宝玉,1
娄氏,宝钗,1
娄氏,贾兰,1
娄氏,贾蓉,1
娄氏,尤氏,2
娄氏,史湘云,1
单大良,薛姨妈,1
单大良,林之孝,3
单大良,吴新登,1
单大良,贾母,7
单大良,邢夫人,1
单大良,王夫人,1
单大良,宝玉,6
单大良,王子腾,1
单大良,黛玉,1
单大良,紫鹃,1
赵国基,王夫人,1
赵国基,贾探春,14
赵国基,吴新登,7
赵国基,赵姨娘,9
赵国基,凤姐,1
赵国基,贾母,1
叶妈,贾探春,18
叶妈,宝钗,6
祝妈,宝玉,3
祝妈,雪雁,4
祝妈,王夫人,1
祝妈,黛玉,1
邢忠,薛姨妈,5
邢忠,邢岫烟,1
邢忠,薛蟠,1
邢忠,贾母,8
邢忠,邢夫人,6
邢忠,尤氏,3
艾官,尤氏,4
艾官,王夫人,4
艾官,贾母,1
艾官,宝玉,3
艾官,宝钗,1
艾官,黛玉,1
艾官,贾探春,10
艾官,夏婆子,6
艾官,翠墨,2
春燕,宝玉,25
春燕,黛玉,4
春燕,宝钗,1
春燕,薛姨妈,1
春燕,贾环,1
夏婆子,赵姨娘,24
夏婆子,贾环,4
夏婆子,宝玉,4
夏婆子,贾探春,9
夏婆子,翠墨,3
夏婆子,艾官,6
柳五儿,宝玉,5
柳五儿,赵姨娘,1
柳五儿,贾探春,2
柳五儿,凤姐,2
柳五儿,柳湘莲,1
柳五儿,尤二姐,1
柳五儿,贾母,1
柳五儿,王夫人,1
钱槐,赵姨娘,1
钱槐,贾环,1
佩凤,宝玉,12
佩凤,贾探春,4
佩凤,尤氏,40
佩凤,贾母,34
佩凤,贾政,5
佩凤,赖大,2
佩凤,林之孝,6
佩凤,邢夫人,6
佩凤,王夫人,10
佩凤,凤姐,9
佩凤,翠云,1
佩凤,黛玉,1
佩凤,邢德全,2
佩凤,贾珍,22
佩凤,贾琏,5
佩凤,贾环,2
佩凤,贾惜春,1
佩凤,贾蓉,1
佩凤,薛姨妈,1
佩凤,王子腾,1
尤二姐,贾蓉,130
尤二姐,贾珍,121
尤二姐,贾敬,3
尤二姐,贾母,195
尤二姐,尤氏,41
尤二姐,尤三姐,52
尤二姐,俞禄,37
尤二姐,贾琏,427
尤二姐,尤老娘,41
尤二姐,凤姐,199
尤二姐,张华,59
尤二姐,隆儿,30
尤二姐,寿儿,7
尤二姐,黛玉,14
尤二姐,宝钗,6
尤二姐,宝玉,24
尤二姐,柳湘莲,13
尤二姐,薛蟠,1
尤二姐,周瑞,6
尤二姐,邢夫人,19
尤二姐,王夫人,9
尤二姐,王信,3
尤二姐,秋桐,63
尤二姐,贾迎春,4
尤二姐,贾惜春,4
尤二姐,胡君荣,30
尤二姐,贾探春,1
尤二姐,柳五儿,1
尤二姐,朱大娘,2
尤二姐,贾政,4
尤二姐,赵姨娘,2
尤三姐,贾蓉,25
尤三姐,贾珍,67
尤三姐,贾敬,1
尤三姐,贾母,13
尤三姐,尤氏,3
尤三姐,尤二姐,52
尤三姐,贾琏,180
尤三姐,隆儿,18
尤三姐,寿儿,5
尤三姐,凤姐,18
尤三姐,宝玉,70
尤三姐,黛玉,10
尤三姐,薛蟠,11
尤三姐,柳湘莲,11
尤三姐,尤老娘,2
尤三姐,薛姨妈,8
尤三姐,宝钗,3
尤三姐,王信,1
尤三姐,林之孝,1
尤三姐,王夫人,1
尤三姐,贾环,1
尤三姐,贾政,4
尤三姐,张华,2
尤三姐,神瑛侍者,8
尤三姐,秦可卿,4
尤三姐,贾迎春,2
尤老娘,贾敬,2
尤老娘,贾母,51
尤老娘,宝玉,1
尤老娘,凤姐,4
尤老娘,贾琏,225
尤老娘,邢夫人,1
尤老娘,王夫人,1
尤老娘,贾蓉,109
尤老娘,贾珍,73
尤老娘,俞禄,51
尤老娘,尤氏,9
尤老娘,尤二姐,41
尤老娘,张华,20
尤老娘,尤三姐,2
尤老娘,柳湘莲,1
俞禄,贾珍,57
俞禄,贾蓉,115
俞禄,尤氏,11
俞禄,贾琏,226
俞禄,贾母,54
俞禄,尤二姐,37
俞禄,尤老娘,51
俞禄,凤姐,29
俞禄,张华,1
俞禄,柳湘莲,1
张华,贾琏,22
张华,贾珍,31
张华,尤老娘,20
张华,尤二姐,59
张华,凤姐,254
张华,俞禄,1
张华,柳湘莲,1
张华,贾蓉,91
张华,王信,20
张华,王子腾,2
张华,尤氏,68
张华,贾母,269
张华,邢夫人,16
张华,王夫人,16
张华,贾政,2
张华,尤三姐,2
隆儿,贾琏,39
隆儿,尤二姐,30
隆儿,贾珍,15
隆儿,寿儿,3
隆儿,尤三姐,18
隆儿,贾母,8
隆儿,黛玉,3
隆儿,宝钗,1
隆儿,宝玉,1
寿儿,贾琏,12
寿儿,尤二姐,7
寿儿,隆儿,3
寿儿,贾珍,5
寿儿,尤三姐,5
王信,贾琏,4
王信,张华,20
王信,贾蓉,10
王信,凤姐,16
王信,王子腾,2
王信,贾母,18
王信,尤氏,4
王信,邢夫人,1
王信,王夫人,2
王信,尤二姐,3
王信,贾珍,1
王信,尤三姐,1
王信,林之孝,1
王信,宝玉,1
王信,贾环,1
秋桐,贾琏,157
秋桐,邢夫人,24
秋桐,贾母,28
秋桐,凤姐,112
秋桐,尤二姐,63
秋桐,王夫人,27
秋桐,贾迎春,5
秋桐,贾惜春,5
秋桐,胡君荣,36
秋桐,尤氏,6
秋桐,巧姐儿,2
秋桐,丰儿,3
秋桐,林之孝,1
秋桐,贾政,1
秋桐,小红,1
秋桐,宝钗,7
秋桐,宝玉,8
秋桐,妙玉,1
胡君荣,尤二姐,30
胡君荣,贾琏,60
胡君荣,凤姐,12
胡君荣,尤氏,6
胡君荣,秋桐,36
胡君荣,邢夫人,18
朱大娘,贾琏,30
朱大娘,贾母,24
朱大娘,凤姐,18
朱大娘,尤二姐,2
小霞,贾环,4
小霞,凤姐,1
小霞,赵姨娘,5
小霞,王夫人,1
小霞,贾政,1
小霞,宝玉,2
小鹊,宝玉,9
小鹊,赵姨娘,3
翠云,凤姐,8
翠云,王夫人,7
翠云,贾母,4
翠云,佩凤,1
翠云,黛玉,1
张妈,贾惜春,10
张妈,贾探春,2
张妈,凤姐,28
张妈,贾迎春,4
张妈,司棋,10
张妈,潘又安,4
张妈,王夫人,2
潘又安,贾惜春,10
潘又安,贾探春,2
潘又安,凤姐,28
潘又安,张妈,4
潘又安,贾迎春,4
潘又安,司棋,10
潘又安,王夫人,2
邢德全,贾珍,24
邢德全,贾蓉,9
邢德全,贾环,3
邢德全,贾琮,3
邢德全,宝玉,3
邢德全,贾兰,3
邢德全,邢夫人,12
邢德全,薛蟠,12
邢德全,尤氏,4
邢德全,佩凤,2
孙绍祖,贾迎春,23
孙绍祖,贾母,14
孙绍祖,宝玉,12
孙绍祖,邢夫人,11
孙绍祖,王夫人,23
孙绍祖,薛姨妈,3
孙绍祖,贾政,1
夏金桂,薛蟠,10
夏金桂,薛姨妈,4
夏金桂,宝钗,6
夏金桂,邢岫烟,2
小舍儿,薛蟠,36
王一贴,宝玉,272
王一贴,李贵,64
甄宝玉,贾母,2
甄宝玉,贾政,39
甄宝玉,贾琏,1
甄宝玉,宝玉,244
甄宝玉,宝钗,20
甄宝玉,王夫人,49
甄宝玉,贾兰,33
甄宝玉,贾环,8
甄宝玉,紫鹃,8
甄宝玉,黛玉,16
甄宝玉,李婶娘,2
甄宝玉,薛姨妈,2
